[2026-10-05T20:21:44.370Z] !! age-50-vs-age-25-content-creator-malaysia.jpg: UNKNOWN: unknown error, open 'C:\Users\User\Desktop\n\gearup-my\public\blog\age-50-vs-age-25-content-creator-malaysia.jpg'
[2026-10-05T20:21:44.449Z] normalized: beauty-review-setup-1.jpg 1024x530 -> 942x530
[2026-10-05T20:21:44.532Z] normalized: beauty-review-setup-2.jpg 1024x530 -> 942x530
[2026-10-05T20:21:44.606Z] normalized: beauty-review-setup-3.jpg 1024x530 -> 942x530
[2026-10-05T20:21:45.211Z] !! beli-kamera-kredit-vs-simpan-malaysia.jpg: UNKNOWN: unknown error, open 'C:\Users\User\Desktop\n\gearup-my\public\blog\beli-kamera-kredit-vs-simpan-malaysia.jpg'
[2026-10-05T20:21:45.379Z] !! berapa-gig-untuk-bayar-camera.jpg: UNKNOWN: unknown error, open 'C:\Users\User\Desktop\n\gearup-my\public\blog\berapa-gig-untuk-bayar-camera.jpg'
[2026-10-05T20:21:45.487Z] normalized: best-action-camera-malaysia-2026.jpg 1280x853 -> 1280x720
[2026-10-05T20:21:45.710Z] !! best-budget-lapel-microphone-malaysia-audio-guide.jpg: UNKNOWN: unknown error, open 'C:\Users\User\Desktop\n\gearup-my\public\blog\best-budget-lapel-microphone-malaysia-audio-guide.jpg'
[2026-10-05T20:21:45.922Z] !! best-camera-beginners-malaysia-2026.jpg: UNKNOWN: unknown error, open 'C:\Users\User\Desktop\n\gearup-my\public\blog\best-camera-beginners-malaysia-2026.jpg'
[2026-10-05T20:21:46.209Z] !! best-camera-content-creator-malaysia.jpg: UNKNOWN: unknown error, open 'C:\Users\User\Desktop\n\gearup-my\public\blog\best-camera-content-creator-malaysia.jpg'
[2026-10-05T20:21:46.491Z] !! best-drone-malaysia-2026.jpg: UNKNOWN: unknown error, open 'C:\Users\User\Desktop\n\gearup-my\public\blog\best-drone-malaysia-2026.jpg'
[2026-10-05T20:21:46.685Z] !! best-first-lens-malaysia.jpg: UNKNOWN: unknown error, open 'C:\Users\User\Desktop\n\gearup-my\public\blog\best-first-lens-malaysia.jpg'
[2026-10-05T20:21:46.844Z] normalized: best-mirrorless-camera-malaysia-2026.jpg 1280x854 -> 1280x720
[2026-10-05T20:21:47.275Z] !! best-tripod-phone-camera-malaysia-guide.jpg: UNKNOWN: unknown error, open 'C:\Users\User\Desktop\n\gearup-my\public\blog\best-tripod-phone-camera-malaysia-guide.jpg'
[2026-10-05T20:21:47.480Z] !! best-vlogging-camera-malaysia-2026.jpg: UNKNOWN: unknown error, open 'C:\Users\User\Desktop\n\gearup-my\public\blog\best-vlogging-camera-malaysia-2026.jpg'
[2026-10-05T20:21:47.979Z] !! buat-video-guna-handphone-cabaran-30-hari.jpg: UNKNOWN: unknown error, open 'C:\Users\User\Desktop\n\gearup-my\public\blog\buat-video-guna-handphone-cabaran-30-hari.jpg'
[2026-10-05T20:21:48.160Z] normalized: budget-lighting-setup-content-creation-malaysia.jpg 1280x1907 -> 1280x720
[2026-10-05T20:21:48.396Z] !! camera-price-guide-malaysia-2026.jpg: UNKNOWN: unknown error, open 'C:\Users\User\Desktop\n\gearup-my\public\blog\camera-price-guide-malaysia-2026.jpg'
[2026-10-05T20:21:48.691Z] normalized: camera-rental-vs-buy-malaysia.jpg 1280x853 -> 1280x720
[2026-10-05T20:21:48.942Z] !! camera-roi-calculator-malaysia.jpg: UNKNOWN: unknown error, open 'C:\Users\User\Desktop\n\gearup-my\public\blog\camera-roi-calculator-malaysia.jpg'
[2026-10-05T20:21:49.417Z] !! camera-sd-card-speed-guide-malaysia.jpg: UNKNOWN: unknown error, open 'C:\Users\User\Desktop\n\gearup-my\public\blog\camera-sd-card-speed-guide-malaysia.jpg'
[2026-10-05T20:21:49.596Z] !! camera-under-2000-malaysia-2026.jpg: UNKNOWN: unknown error, open 'C:\Users\User\Desktop\n\gearup-my\public\blog\camera-under-2000-malaysia-2026.jpg'
[2026-10-05T20:21:49.843Z] normalized: camera-untuk-youtube-malaysia.jpg 1280x960 -> 1280x720
[2026-10-05T20:21:49.932Z] normalized: canon-60d-50mm-f18-boleh-buat-kerja-malaysia.jpg 1059x556 -> 988x556
[2026-10-05T20:21:50.139Z] normalized: canon-60d-50mm-f18-photography-video-malaysia.jpg 1280x958 -> 1280x720
[2026-10-05T20:21:50.280Z] !! canon-eos-r50-vs-sony-a6100-which-better-malaysia.jpg: UNKNOWN: unknown error, open 'C:\Users\User\Desktop\n\gearup-my\public\blog\canon-eos-r50-vs-sony-a6100-which-better-malaysia.jpg'
[2026-10-05T20:21:50.605Z] !! cara-buat-portfolio-fotografi-malaysia.jpg: UNKNOWN: unknown error, open 'C:\Users\User\Desktop\n\gearup-my\public\blog\cara-buat-portfolio-fotografi-malaysia.jpg'
[2026-10-05T20:21:50.784Z] !! cara-jadi-content-creator-tanpa-modal-malaysia.jpg: UNKNOWN: unknown error, open 'C:\Users\User\Desktop\n\gearup-my\public\blog\cara-jadi-content-creator-tanpa-modal-malaysia.jpg'
[2026-10-05T20:21:51.036Z] !! cara-mula-photography-dengan-rm500.jpg: UNKNOWN: unknown error, open 'C:\Users\User\Desktop\n\gearup-my\public\blog\cara-mula-photography-dengan-rm500.jpg'
[2026-10-05T20:21:51.045Z] note (non-jpg, left as-is): cctv-ai-facial-recognition-sistem-keselamatan-kilang-malaysia.png 1920x1689
[2026-10-05T20:21:51.168Z] normalized: cctv-home-security-camera-guide-malaysia.jpg 1072x1072 -> 1072x603
[2026-10-05T20:21:51.420Z] !! cctv-installer-gig-side-hustle-malaysia.jpg: UNKNOWN: unknown error, open 'C:\Users\User\Desktop\n\gearup-my\public\blog\cctv-installer-gig-side-hustle-malaysia.jpg'
[2026-10-05T20:21:51.755Z] !! cctv-keselamatan-pekerja-sistem-ai-kilang-malaysia.jpg: UNKNOWN: unknown error, open 'C:\Users\User\Desktop\n\gearup-my\public\blog\cctv-keselamatan-pekerja-sistem-ai-kilang-malaysia.jpg'
[2026-10-05T20:21:52.146Z] !! cctv-pantau-ibu-bapa-lansia-malaysia.jpg: UNKNOWN: unknown error, open 'C:\Users\User\Desktop\n\gearup-my\public\blog\cctv-pantau-ibu-bapa-lansia-malaysia.jpg'
[2026-10-05T20:21:52.386Z] !! content-calendar-malaysia-creators.jpg: UNKNOWN: unknown error, open 'C:\Users\User\Desktop\n\gearup-my\public\blog\content-calendar-malaysia-creators.jpg'
[2026-10-05T20:21:52.695Z] !! content-creator-gear-roi-malaysia-calculator.jpg: UNKNOWN: unknown error, open 'C:\Users\User\Desktop\n\gearup-my\public\blog\content-creator-gear-roi-malaysia-calculator.jpg'
[2026-10-05T20:21:52.783Z] normalized: desk-setup-ring-light-1.jpg 1024x530 -> 942x530
[2026-10-05T20:21:52.872Z] normalized: desk-setup-ring-light-2.jpg 1024x530 -> 942x530
[2026-10-05T20:21:52.942Z] normalized: desk-setup-ring-light-3.jpg 1024x530 -> 942x530
[2026-10-05T20:21:53.088Z] normalized: dji-mic-2-vs-budget-lapel-malaysia.jpg 1280x1912 -> 1280x720
[2026-10-05T20:21:53.210Z] !! dji-mini-3-pro-vs-mini-4-pro-malaysia.jpg: UNKNOWN: unknown error, open 'C:\Users\User\Desktop\n\gearup-my\public\blog\dji-mini-3-pro-vs-mini-4-pro-malaysia.jpg'
[2026-10-05T20:21:53.528Z] !! dji-vs-instax360-malaysia.jpg: UNKNOWN: unknown error, open 'C:\Users\User\Desktop\n\gearup-my\public\blog\dji-vs-instax360-malaysia.jpg'
[2026-10-05T20:21:53.751Z] normalized: drone-aerial-malaysia-1.jpg 1024x530 -> 942x530
[2026-10-05T20:21:53.828Z] normalized: drone-aerial-malaysia-2.jpg 1024x530 -> 942x530
[2026-10-05T20:21:53.912Z] normalized: drone-aerial-malaysia-3.jpg 1024x530 -> 942x530
[2026-10-05T20:21:54.193Z] !! drone-license-registration-malaysia-2026.jpg: UNKNOWN: unknown error, open 'C:\Users\User\Desktop\n\gearup-my\public\blog\drone-license-registration-malaysia-2026.jpg'
[2026-10-05T20:21:54.559Z] !! food-content-creation-gig-malaysia.jpg: UNKNOWN: unknown error, open 'C:\Users\User\Desktop\n\gearup-my\public\blog\food-content-creation-gig-malaysia.jpg'
[2026-10-05T20:21:54.649Z] normalized: fujifilm-x-t5-review-malaysia.jpg 1059x556 -> 988x556
[2026-10-05T20:21:54.777Z] normalized: fujifilm-x100vi-hype-worth-it-malaysia.jpg 1280x603 -> 1072x603
[2026-10-05T20:21:54.921Z] !! full-frame-vs-crop-sensor-malaysia.jpg: UNKNOWN: unknown error, open 'C:\Users\User\Desktop\n\gearup-my\public\blog\full-frame-vs-crop-sensor-malaysia.jpg'
[2026-10-05T20:21:54.998Z] normalized: gig-corporate-1.jpg 1024x530 -> 942x530
[2026-10-05T20:21:55.078Z] normalized: gig-corporate-2.jpg 1024x530 -> 942x530
[2026-10-05T20:21:55.154Z] normalized: gig-corporate-3.jpg 1024x530 -> 942x530
[2026-10-05T20:21:55.223Z] normalized: gig-drone-1.jpg 1024x530 -> 942x530
[2026-10-05T20:21:55.301Z] normalized: gig-drone-2.jpg 1024x530 -> 942x530
[2026-10-05T20:21:55.374Z] normalized: gig-drone-3.jpg 1024x530 -> 942x530
[2026-10-05T20:21:55.453Z] normalized: gig-edit-retouch-no-camera-malaysia.jpg 1059x556 -> 988x556
[2026-10-05T20:21:55.524Z] normalized: gig-event-kecil-flash-60d-malaysia.jpg 1059x556 -> 988x556
[2026-10-05T20:21:55.597Z] normalized: gig-food-1.jpg 1024x530 -> 942x530
[2026-10-05T20:21:55.668Z] normalized: gig-food-2.jpg 1024x530 -> 942x530
[2026-10-05T20:21:55.741Z] normalized: gig-food-3.jpg 1024x530 -> 942x530
[2026-10-05T20:21:56.046Z] !! gig-fotografi-dron-hartanah-malaysia.jpg: UNKNOWN: unknown error, open 'C:\Users\User\Desktop\n\gearup-my\public\blog\gig-fotografi-dron-hartanah-malaysia.jpg'
[2026-10-05T20:21:56.130Z] normalized: gig-fotografi-makanan-60d-malaysia.jpg 1059x556 -> 988x556
[2026-10-05T20:21:56.330Z] !! gig-fotografi-makanan-malaysia.jpg: UNKNOWN: unknown error, open 'C:\Users\User\Desktop\n\gearup-my\public\blog\gig-fotografi-makanan-malaysia.jpg'
[2026-10-05T20:21:56.817Z] !! gig-fotografi-potret-sambilan-malaysia.jpg: UNKNOWN: unknown error, open 'C:\Users\User\Desktop\n\gearup-my\public\blog\gig-fotografi-potret-sambilan-malaysia.jpg'
[2026-10-05T20:21:56.994Z] normalized: gig-fotografi-produk-60d-malaysia.jpg 1059x556 -> 988x556
[2026-10-05T20:21:57.402Z] !! gig-fotografi-produk-shopee-lazada-malaysia.jpg: UNKNOWN: unknown error, open 'C:\Users\User\Desktop\n\gearup-my\public\blog\gig-fotografi-produk-shopee-lazada-malaysia.jpg'
[2026-10-05T20:21:57.481Z] normalized: gig-gala-1.jpg 1024x530 -> 942x530
[2026-10-05T20:21:57.551Z] normalized: gig-gala-2.jpg 1024x530 -> 942x530
[2026-10-05T20:21:57.614Z] normalized: gig-gala-3.jpg 1024x530 -> 942x530
[2026-10-05T20:21:57.687Z] normalized: gig-graduation-1.jpg 1024x530 -> 942x530
[2026-10-05T20:21:57.761Z] normalized: gig-graduation-2.jpg 1024x530 -> 942x530
[2026-10-05T20:21:57.839Z] normalized: gig-graduation-3.jpg 1024x530 -> 942x530
[2026-10-05T20:21:57.930Z] normalized: gig-jual-stock-foto-malaysia.jpg 1059x556 -> 988x556
[2026-10-05T20:21:58.001Z] normalized: gig-konvokesyen-canon-60d-malaysia.jpg 1059x556 -> 988x556
[2026-10-05T20:21:58.070Z] normalized: gig-photobooth-1.jpg 1024x530 -> 942x530
[2026-10-05T20:21:58.130Z] normalized: gig-photobooth-2.jpg 1024x530 -> 942x530
[2026-10-05T20:21:58.202Z] normalized: gig-photobooth-3.jpg 1024x530 -> 942x530
[2026-10-05T20:21:58.291Z] normalized: gig-photobooth-60d-malaysia.jpg 1059x556 -> 988x556
[2026-10-05T20:21:58.353Z] normalized: gig-portrait-1.jpg 1024x530 -> 942x530
[2026-10-05T20:21:58.422Z] normalized: gig-portrait-2.jpg 1024x530 -> 942x530
[2026-10-05T20:21:58.486Z] normalized: gig-portrait-3.jpg 1024x530 -> 942x530
[2026-10-05T20:21:58.545Z] normalized: gig-product-1.jpg 1024x530 -> 942x530
[2026-10-05T20:21:58.605Z] normalized: gig-product-2.jpg 1024x530 -> 942x530
[2026-10-05T20:21:58.677Z] normalized: gig-product-3.jpg 1024x530 -> 942x530
[2026-10-05T20:21:58.746Z] normalized: gig-realestate-1.jpg 1024x530 -> 942x530
[2026-10-05T20:21:58.813Z] normalized: gig-realestate-2.jpg 1024x530 -> 942x530
[2026-10-05T20:21:58.883Z] normalized: gig-realestate-3.jpg 1024x530 -> 942x530
[2026-10-05T20:21:58.952Z] normalized: gig-realestate-fotografi-60d-malaysia.jpg 1059x556 -> 988x556
[2026-10-05T20:21:59.033Z] normalized: gig-sukan-persembahan-60d-malaysia.jpg 1059x556 -> 988x556
[2026-10-05T20:21:59.104Z] normalized: gig-video-1.jpg 1024x530 -> 942x530
[2026-10-05T20:21:59.171Z] normalized: gig-video-2.jpg 1024x530 -> 942x530
[2026-10-05T20:21:59.234Z] normalized: gig-video-3.jpg 1024x530 -> 942x530
[2026-10-05T20:21:59.472Z] !! gig-video-perniagaan-kecil-malaysia.jpg: UNKNOWN: unknown error, open 'C:\Users\User\Desktop\n\gearup-my\public\blog\gig-video-perniagaan-kecil-malaysia.jpg'
[2026-10-05T20:21:59.535Z] normalized: gig-wedding-1.jpg 1024x530 -> 942x530
[2026-10-05T20:21:59.608Z] normalized: gig-wedding-2.jpg 1024x530 -> 942x530
[2026-10-05T20:21:59.678Z] normalized: gig-wedding-3.jpg 1024x530 -> 942x530
[2026-10-05T20:21:59.746Z] normalized: godox-sl150iii-review-malaysia.jpg 1059x556 -> 988x556
[2026-10-05T20:21:59.923Z] normalized: harga-canon-camera-malaysia.jpg 1280x853 -> 1280x720
[2026-10-05T20:21:59.980Z] normalized: harga-cctv-kedai-runcit-malaysia-roi.jpg 640x513 -> 640x360
[2026-10-05T20:22:00.270Z] !! harga-sony-camera-malaysia.jpg: UNKNOWN: unknown error, open 'C:\Users\User\Desktop\n\gearup-my\public\blog\harga-sony-camera-malaysia.jpg'
[2026-10-05T20:22:00.795Z] !! hikvision-8-camera-nvr-factory-malaysia.jpg: UNKNOWN: unknown error, open 'C:\Users\User\Desktop\n\gearup-my\public\blog\hikvision-8-camera-nvr-factory-malaysia.jpg'
[2026-10-05T20:22:01.283Z] normalized: indonesia-camera-gear.jpg 1280x960 -> 1280x720
[2026-10-05T20:22:01.495Z] !! insta360-ace-pro-2-review-malaysia.jpg: UNKNOWN: unknown error, open 'C:\Users\User\Desktop\n\gearup-my\public\blog\insta360-ace-pro-2-review-malaysia.jpg'
[2026-10-05T20:22:01.871Z] !! insta360-luna-vs-dslr-photography-malaysia.jpg: UNKNOWN: unknown error, open 'C:\Users\User\Desktop\n\gearup-my\public\blog\insta360-luna-vs-dslr-photography-malaysia.jpg'
[2026-10-05T20:22:01.971Z] !! insta360-vs-gopro-which-buy-malaysia-2026.jpg: UNKNOWN: unknown error, open 'C:\Users\User\Desktop\n\gearup-my\public\blog\insta360-vs-gopro-which-buy-malaysia-2026.jpg'
[2026-10-05T20:22:02.413Z] !! insta360-x4-review-malaysia.jpg: UNKNOWN: unknown error, open 'C:\Users\User\Desktop\n\gearup-my\public\blog\insta360-x4-review-malaysia.jpg'
[2026-10-05T20:22:02.419Z] note (non-jpg, left as-is): insta360-x5-review-malaysia.webp 1920x2882
[2026-10-05T20:22:02.453Z] normalized: insta360-x5-vs-x4-malaysia-review.jpg 361x360 -> 361x203
[2026-10-05T20:22:02.586Z] normalized: insurans-kamera-malaysia-guide.jpg 1280x960 -> 1280x720
[2026-10-05T20:22:02.923Z] !! iphone-15-content-creation-malaysia.jpg: UNKNOWN: unknown error, open 'C:\Users\User\Desktop\n\gearup-my\public\blog\iphone-15-content-creation-malaysia.jpg'
[2026-10-05T20:22:03.243Z] !! iphone-16-pro-content-creation-malaysia.jpg: UNKNOWN: unknown error, open 'C:\Users\User\Desktop\n\gearup-my\public\blog\iphone-16-pro-content-creation-malaysia.jpg'
[2026-10-05T20:22:03.451Z] !! iphone-17-pro-content-creation-malaysia.jpg: UNKNOWN: unknown error, open 'C:\Users\User\Desktop\n\gearup-my\public\blog\iphone-17-pro-content-creation-malaysia.jpg'
[2026-10-05T20:22:03.605Z] !! iphone-17-pro-vs-mirrorless-malaysia-2026.jpg: UNKNOWN: unknown error, open 'C:\Users\User\Desktop\n\gearup-my\public\blog\iphone-17-pro-vs-mirrorless-malaysia-2026.jpg'
[2026-10-05T20:22:03.974Z] !! iphone-vs-mirrorless-camera-content-creation-malaysia.jpg: UNKNOWN: unknown error, open 'C:\Users\User\Desktop\n\gearup-my\public\blog\iphone-vs-mirrorless-camera-content-creation-malaysia.jpg'
[2026-10-05T20:22:04.039Z] normalized: iphone-window-light-1.jpg 1024x530 -> 942x530
[2026-10-05T20:22:04.107Z] normalized: iphone-window-light-2.jpg 1024x530 -> 942x530
[2026-10-05T20:22:04.177Z] normalized: iphone-window-light-3.jpg 1024x530 -> 942x530
[2026-10-05T20:22:04.500Z] !! japan-camera-market.jpg: UNKNOWN: unknown error, open 'C:\Users\User\Desktop\n\gearup-my\public\blog\japan-camera-market.jpg'
[2026-10-05T20:22:04.629Z] !! kamera-bawah-rm2000-malaysia.jpg: UNKNOWN: unknown error, open 'C:\Users\User\Desktop\n\gearup-my\public\blog\kamera-bawah-rm2000-malaysia.jpg'
[2026-10-05T20:22:04.786Z] !! kamera-murah-bawah-rm1000.jpg: UNKNOWN: unknown error, open 'C:\Users\User\Desktop\n\gearup-my\public\blog\kamera-murah-bawah-rm1000.jpg'
[2026-10-05T20:22:05.014Z] !! kamera-untuk-photography-malaysia.jpg: UNKNOWN: unknown error, open 'C:\Users\User\Desktop\n\gearup-my\public\blog\kamera-untuk-photography-malaysia.jpg'
[2026-10-05T20:22:05.354Z] !! konten-bisnes-kecil-retainer-content-creator-malaysia.jpg: UNKNOWN: unknown error, open 'C:\Users\User\Desktop\n\gearup-my\public\blog\konten-bisnes-kecil-retainer-content-creator-malaysia.jpg'
[2026-10-05T20:22:05.536Z] !! mic-terbaik-tiktok-live-malaysia.jpg: UNKNOWN: unknown error, open 'C:\Users\User\Desktop\n\gearup-my\public\blog\mic-terbaik-tiktok-live-malaysia.jpg'
[2026-10-05T20:22:05.757Z] normalized: midlife-crisis-camera-gear-turning-50.jpg 1280x960 -> 1280x720
[2026-10-05T20:22:05.916Z] !! mirrorless-vs-dslr-malaysia.jpg: UNKNOWN: unknown error, open 'C:\Users\User\Desktop\n\gearup-my\public\blog\mirrorless-vs-dslr-malaysia.jpg'
[2026-10-05T20:22:06.083Z] normalized: nikon-d3100-review-malaysia-second-hand-price.jpg 1024x841 -> 1024x576
[2026-10-05T20:22:06.473Z] !! nikon-d3100-vs-sony-a6100-which-better-malaysia.jpg: UNKNOWN: unknown error, open 'C:\Users\User\Desktop\n\gearup-my\public\blog\nikon-d3100-vs-sony-a6100-which-better-malaysia.jpg'
[2026-10-05T20:22:06.692Z] !! nikon-d500-reality-check-2026.jpg: UNKNOWN: unknown error, open 'C:\Users\User\Desktop\n\gearup-my\public\blog\nikon-d500-reality-check-2026.jpg'
[2026-10-05T20:22:06.994Z] !! nikon-d7200-review-malaysia.jpg: UNKNOWN: unknown error, open 'C:\Users\User\Desktop\n\gearup-my\public\blog\nikon-d7200-review-malaysia.jpg'
[2026-10-05T20:22:07.261Z] !! nikon-z50-ii-review-malaysia.jpg: UNKNOWN: unknown error, open 'C:\Users\User\Desktop\n\gearup-my\public\blog\nikon-z50-ii-review-malaysia.jpg'
[2026-10-05T20:22:07.334Z] normalized: nikon-z5iic-canon-r8-mark-ii-1111-sale.jpg 1024x530 -> 942x530
[2026-10-05T20:22:07.423Z] normalized: nikon-z5iic-canon-r8-mark-ii-buy-window-malaysia-2026.jpg 1024x530 -> 942x530
[2026-10-05T20:22:07.492Z] normalized: nikon-z5iic-canon-r8-mark-ii-convocation-gig.jpg 1024x530 -> 942x530
[2026-10-05T20:22:07.567Z] normalized: nikon-z5iic-canon-r8-mark-ii-specs-compare.jpg 1024x530 -> 942x530
[2026-10-05T20:22:07.836Z] !! old-dslr-era-60d-d3100-gig-payoff-malaysia.jpg: UNKNOWN: unknown error, open 'C:\Users\User\Desktop\n\gearup-my\public\blog\old-dslr-era-60d-d3100-gig-payoff-malaysia.jpg'
[2026-10-05T20:22:08.213Z] !! osmo-action-6-pro-vs-gopro-hero-14-malaysia.jpg: UNKNOWN: unknown error, open 'C:\Users\User\Desktop\n\gearup-my\public\blog\osmo-action-6-pro-vs-gopro-hero-14-malaysia.jpg'
[2026-10-05T20:22:08.412Z] !! panasonic-lumix-s9-review-malaysia.jpg: UNKNOWN: unknown error, open 'C:\Users\User\Desktop\n\gearup-my\public\blog\panasonic-lumix-s9-review-malaysia.jpg'
[2026-10-05T20:22:08.844Z] !! panduan-harga-gig-fotografi-malaysia-2026.jpg: UNKNOWN: unknown error, open 'C:\Users\User\Desktop\n\gearup-my\public\blog\panduan-harga-gig-fotografi-malaysia-2026.jpg'
[2026-10-05T20:22:09.186Z] !! philippines-vlogging-gear.jpg: UNKNOWN: unknown error, open 'C:\Users\User\Desktop\n\gearup-my\public\blog\philippines-vlogging-gear.jpg'
[2026-10-05T20:22:09.432Z] normalized: photo-booth-business-malaysia.jpg 1280x960 -> 1280x720
[2026-10-05T20:22:09.564Z] !! photography-vs-video-camera-malaysia-beginners.jpg: UNKNOWN: unknown error, open 'C:\Users\User\Desktop\n\gearup-my\public\blog\photography-vs-video-camera-malaysia-beginners.jpg'
[2026-10-05T20:22:09.771Z] !! product-photography-ecommerce-gig-malaysia.jpg: UNKNOWN: unknown error, open 'C:\Users\User\Desktop\n\gearup-my\public\blog\product-photography-ecommerce-gig-malaysia.jpg'
[2026-10-05T20:22:10.330Z] !! real-estate-media-gig-malaysia.jpg: UNKNOWN: unknown error, open 'C:\Users\User\Desktop\n\gearup-my\public\blog\real-estate-media-gig-malaysia.jpg'
[2026-10-05T20:22:10.405Z] normalized: rode-wireless-pro-review-malaysia.jpg 1059x556 -> 988x556
[2026-10-05T20:22:10.833Z] !! samsung-galaxy-s25-ultra-review-malaysia.jpg: UNKNOWN: unknown error, open 'C:\Users\User\Desktop\n\gearup-my\public\blog\samsung-galaxy-s25-ultra-review-malaysia.jpg'
[2026-10-05T20:22:11.354Z] !! second-hand-camera-buying-guide.jpg: UNKNOWN: unknown error, open 'C:\Users\User\Desktop\n\gearup-my\public\blog\second-hand-camera-buying-guide.jpg'
[2026-10-05T20:22:11.787Z] !! second-hand-camera-scams-malaysia.jpg: UNKNOWN: unknown error, open 'C:\Users\User\Desktop\n\gearup-my\public\blog\second-hand-camera-scams-malaysia.jpg'
[2026-10-05T20:22:11.859Z] normalized: setup-60d-under-rm500-malaysia.jpg 1059x556 -> 988x556
[2026-10-05T20:22:11.933Z] normalized: sewa-lensa-60d-gig-malaysia.jpg 1059x556 -> 988x556
[2026-10-05T20:22:12.159Z] normalized: side-hustle-fotografi-bayar-kamera-malaysia.jpg 1560x1560 -> 1560x878
[2026-10-05T20:22:12.334Z] !! side-income-umur-40-plus-fotografi-malaysia.jpg: UNKNOWN: unknown error, open 'C:\Users\User\Desktop\n\gearup-my\public\blog\side-income-umur-40-plus-fotografi-malaysia.jpg'
[2026-10-05T20:22:12.406Z] normalized: sigma-18-50mm-f28-dc-dn-review-malaysia.jpg 1059x556 -> 988x556
[2026-10-05T20:22:12.577Z] !! singapore-camera-rental-creator-gear.jpg: UNKNOWN: unknown error, open 'C:\Users\User\Desktop\n\gearup-my\public\blog\singapore-camera-rental-creator-gear.jpg'
[2026-10-05T20:22:12.905Z] !! sony-a6000-review-malaysia-second-hand.jpg: UNKNOWN: unknown error, open 'C:\Users\User\Desktop\n\gearup-my\public\blog\sony-a6000-review-malaysia-second-hand.jpg'
[2026-10-05T20:22:13.152Z] !! sony-a6700-review-malaysia.jpg: UNKNOWN: unknown error, open 'C:\Users\User\Desktop\n\gearup-my\public\blog\sony-a6700-review-malaysia.jpg'
[2026-10-05T20:22:13.392Z] !! sony-a7c-ii-review-malaysia.jpg: UNKNOWN: unknown error, open 'C:\Users\User\Desktop\n\gearup-my\public\blog\sony-a7c-ii-review-malaysia.jpg'
[2026-10-05T20:22:13.703Z] !! sony-zv-e10-review-malaysia-second-hand.jpg: UNKNOWN: unknown error, open 'C:\Users\User\Desktop\n\gearup-my\public\blog\sony-zv-e10-review-malaysia-second-hand.jpg'
[2026-10-05T20:22:13.839Z] normalized: sony-zv-e10-vs-sony-a6100-which-buy-malaysia.jpg 1280x853 -> 1280x720
[2026-10-05T20:22:14.162Z] !! south-korea-creator-gear.jpg: UNKNOWN: unknown error, open 'C:\Users\User\Desktop\n\gearup-my\public\blog\south-korea-creator-gear.jpg'
[2026-10-05T20:22:14.560Z] !! taiwan-camera-market.jpg: UNKNOWN: unknown error, open 'C:\Users\User\Desktop\n\gearup-my\public\blog\taiwan-camera-market.jpg'
[2026-10-05T20:22:14.702Z] !! tamron-17-50mm-vc-review-malaysia.jpg: UNKNOWN: unknown error, open 'C:\Users\User\Desktop\n\gearup-my\public\blog\tamron-17-50mm-vc-review-malaysia.jpg'
[2026-10-05T20:22:14.770Z] normalized: tangga-gear-gig-semi-pro-malaysia-2026.jpg 1059x556 -> 988x556
[2026-10-05T20:22:15.274Z] !! tapo-4-camera-wifi-retail-shop-malaysia.jpg: UNKNOWN: unknown error, open 'C:\Users\User\Desktop\n\gearup-my\public\blog\tapo-4-camera-wifi-retail-shop-malaysia.jpg'
[2026-10-05T20:22:15.719Z] !! tapo-c210-vs-c220-malaysia.jpg: UNKNOWN: unknown error, open 'C:\Users\User\Desktop\n\gearup-my\public\blog\tapo-c210-vs-c220-malaysia.jpg'
[2026-10-05T20:22:16.133Z] !! thailand-camera-gear.jpg: UNKNOWN: unknown error, open 'C:\Users\User\Desktop\n\gearup-my\public\blog\thailand-camera-gear.jpg'
[2026-10-05T20:22:16.324Z] !! tiktok-reels-shorts-strategy-malaysia-2026.jpg: UNKNOWN: unknown error, open 'C:\Users\User\Desktop\n\gearup-my\public\blog\tiktok-reels-shorts-strategy-malaysia-2026.jpg'
[2026-10-05T20:22:16.476Z] normalized: turning-50-experience-niche-content-creation.jpg 1280x960 -> 1280x720
[2026-10-05T20:22:16.791Z] !! turning-50-panic-plan-content-side-hustle-malaysia.jpg: UNKNOWN: unknown error, open 'C:\Users\User\Desktop\n\gearup-my\public\blog\turning-50-panic-plan-content-side-hustle-malaysia.jpg'
[2026-10-05T20:22:16.916Z] !! turning-50-second-act-gig-guide-malaysia.jpg: UNKNOWN: unknown error, open 'C:\Users\User\Desktop\n\gearup-my\public\blog\turning-50-second-act-gig-guide-malaysia.jpg'
[2026-10-05T20:22:17.117Z] normalized: used-camera-buying-guide-malaysia-mudah-carousell.jpg 1280x960 -> 1280x720
[2026-10-05T20:22:17.297Z] !! video-stabilization-ibis-gimbal-tripod-malaysia.jpg: UNKNOWN: unknown error, open 'C:\Users\User\Desktop\n\gearup-my\public\blog\video-stabilization-ibis-gimbal-tripod-malaysia.jpg'
[2026-10-05T20:22:17.504Z] !! wedding-photography-side-hustle-malaysia.jpg: UNKNOWN: unknown error, open 'C:\Users\User\Desktop\n\gearup-my\public\blog\wedding-photography-side-hustle-malaysia.jpg'
[2026-10-05T20:22:17.755Z] normalized: wedding-videography-side-hustle-malaysia.jpg 1280x853 -> 1280x720
[2026-10-05T20:22:17.939Z] !! xiaomi-14-ultra-review-malaysia.jpg: UNKNOWN: unknown error, open 'C:\Users\User\Desktop\n\gearup-my\public\blog\xiaomi-14-ultra-review-malaysia.jpg'
[2026-10-05T20:22:18.272Z] !! xiaomi-15-ultra-review-malaysia.jpg: UNKNOWN: unknown error, open 'C:\Users\User\Desktop\n\gearup-my\public\blog\xiaomi-15-ultra-review-malaysia.jpg'
[2026-10-05T20:22:18.278Z] done: 248 files, re-encoded 88, unchanged 74, dims -> image-dims.ts
[2026-10-05T20:23:38.755Z] !! age-50-vs-age-25-content-creator-malaysia.jpg: UNKNOWN: unknown error, open 'C:\Users\User\Desktop\n\gearup-my\public\blog\age-50-vs-age-25-content-creator-malaysia.jpg'
[2026-10-05T20:23:39.382Z] !! beli-kamera-kredit-vs-simpan-malaysia.jpg: UNKNOWN: unknown error, open 'C:\Users\User\Desktop\n\gearup-my\public\blog\beli-kamera-kredit-vs-simpan-malaysia.jpg'
[2026-10-05T20:23:39.547Z] !! berapa-gig-untuk-bayar-camera.jpg: UNKNOWN: unknown error, open 'C:\Users\User\Desktop\n\gearup-my\public\blog\berapa-gig-untuk-bayar-camera.jpg'
[2026-10-05T20:23:39.767Z] !! best-budget-lapel-microphone-malaysia-audio-guide.jpg: UNKNOWN: unknown error, open 'C:\Users\User\Desktop\n\gearup-my\public\blog\best-budget-lapel-microphone-malaysia-audio-guide.jpg'
[2026-10-05T20:23:39.963Z] !! best-camera-beginners-malaysia-2026.jpg: UNKNOWN: unknown error, open 'C:\Users\User\Desktop\n\gearup-my\public\blog\best-camera-beginners-malaysia-2026.jpg'
[2026-10-05T20:23:40.203Z] !! best-camera-content-creator-malaysia.jpg: UNKNOWN: unknown error, open 'C:\Users\User\Desktop\n\gearup-my\public\blog\best-camera-content-creator-malaysia.jpg'
[2026-10-05T20:23:40.436Z] !! best-drone-malaysia-2026.jpg: UNKNOWN: unknown error, open 'C:\Users\User\Desktop\n\gearup-my\public\blog\best-drone-malaysia-2026.jpg'
[2026-10-05T20:23:40.598Z] !! best-first-lens-malaysia.jpg: UNKNOWN: unknown error, open 'C:\Users\User\Desktop\n\gearup-my\public\blog\best-first-lens-malaysia.jpg'
[2026-10-05T20:23:40.999Z] !! best-tripod-phone-camera-malaysia-guide.jpg: UNKNOWN: unknown error, open 'C:\Users\User\Desktop\n\gearup-my\public\blog\best-tripod-phone-camera-malaysia-guide.jpg'
[2026-10-05T20:23:41.193Z] !! best-vlogging-camera-malaysia-2026.jpg: UNKNOWN: unknown error, open 'C:\Users\User\Desktop\n\gearup-my\public\blog\best-vlogging-camera-malaysia-2026.jpg'
[2026-10-05T20:23:41.605Z] !! buat-video-guna-handphone-cabaran-30-hari.jpg: UNKNOWN: unknown error, open 'C:\Users\User\Desktop\n\gearup-my\public\blog\buat-video-guna-handphone-cabaran-30-hari.jpg'
[2026-10-05T20:23:41.855Z] !! camera-price-guide-malaysia-2026.jpg: UNKNOWN: unknown error, open 'C:\Users\User\Desktop\n\gearup-my\public\blog\camera-price-guide-malaysia-2026.jpg'
[2026-10-05T20:23:42.075Z] !! camera-roi-calculator-malaysia.jpg: UNKNOWN: unknown error, open 'C:\Users\User\Desktop\n\gearup-my\public\blog\camera-roi-calculator-malaysia.jpg'
[2026-10-05T20:23:42.521Z] !! camera-sd-card-speed-guide-malaysia.jpg: UNKNOWN: unknown error, open 'C:\Users\User\Desktop\n\gearup-my\public\blog\camera-sd-card-speed-guide-malaysia.jpg'
[2026-10-05T20:23:42.679Z] !! camera-under-2000-malaysia-2026.jpg: UNKNOWN: unknown error, open 'C:\Users\User\Desktop\n\gearup-my\public\blog\camera-under-2000-malaysia-2026.jpg'
[2026-10-05T20:23:42.859Z] !! canon-eos-r50-vs-sony-a6100-which-better-malaysia.jpg: UNKNOWN: unknown error, open 'C:\Users\User\Desktop\n\gearup-my\public\blog\canon-eos-r50-vs-sony-a6100-which-better-malaysia.jpg'
[2026-10-05T20:23:43.151Z] !! cara-buat-portfolio-fotografi-malaysia.jpg: UNKNOWN: unknown error, open 'C:\Users\User\Desktop\n\gearup-my\public\blog\cara-buat-portfolio-fotografi-malaysia.jpg'
[2026-10-05T20:23:43.316Z] !! cara-jadi-content-creator-tanpa-modal-malaysia.jpg: UNKNOWN: unknown error, open 'C:\Users\User\Desktop\n\gearup-my\public\blog\cara-jadi-content-creator-tanpa-modal-malaysia.jpg'
[2026-10-05T20:23:43.555Z] !! cara-mula-photography-dengan-rm500.jpg: UNKNOWN: unknown error, open 'C:\Users\User\Desktop\n\gearup-my\public\blog\cara-mula-photography-dengan-rm500.jpg'
[2026-10-05T20:23:43.562Z] note (non-jpg, left as-is): cctv-ai-facial-recognition-sistem-keselamatan-kilang-malaysia.png 1920x1689
[2026-10-05T20:23:43.824Z] !! cctv-installer-gig-side-hustle-malaysia.jpg: UNKNOWN: unknown error, open 'C:\Users\User\Desktop\n\gearup-my\public\blog\cctv-installer-gig-side-hustle-malaysia.jpg'
[2026-10-05T20:23:44.152Z] !! cctv-keselamatan-pekerja-sistem-ai-kilang-malaysia.jpg: UNKNOWN: unknown error, open 'C:\Users\User\Desktop\n\gearup-my\public\blog\cctv-keselamatan-pekerja-sistem-ai-kilang-malaysia.jpg'
[2026-10-05T20:23:44.527Z] !! cctv-pantau-ibu-bapa-lansia-malaysia.jpg: UNKNOWN: unknown error, open 'C:\Users\User\Desktop\n\gearup-my\public\blog\cctv-pantau-ibu-bapa-lansia-malaysia.jpg'
[2026-10-05T20:23:44.752Z] !! content-calendar-malaysia-creators.jpg: UNKNOWN: unknown error, open 'C:\Users\User\Desktop\n\gearup-my\public\blog\content-calendar-malaysia-creators.jpg'
[2026-10-05T20:23:45.031Z] !! content-creator-gear-roi-malaysia-calculator.jpg: UNKNOWN: unknown error, open 'C:\Users\User\Desktop\n\gearup-my\public\blog\content-creator-gear-roi-malaysia-calculator.jpg'
[2026-10-05T20:23:45.184Z] !! dji-mini-3-pro-vs-mini-4-pro-malaysia.jpg: UNKNOWN: unknown error, open 'C:\Users\User\Desktop\n\gearup-my\public\blog\dji-mini-3-pro-vs-mini-4-pro-malaysia.jpg'
[2026-10-05T20:23:45.343Z] !! dji-vs-instax360-malaysia.jpg: UNKNOWN: unknown error, open 'C:\Users\User\Desktop\n\gearup-my\public\blog\dji-vs-instax360-malaysia.jpg'
[2026-10-05T20:23:45.646Z] !! drone-license-registration-malaysia-2026.jpg: UNKNOWN: unknown error, open 'C:\Users\User\Desktop\n\gearup-my\public\blog\drone-license-registration-malaysia-2026.jpg'
[2026-10-05T20:23:45.998Z] !! food-content-creation-gig-malaysia.jpg: UNKNOWN: unknown error, open 'C:\Users\User\Desktop\n\gearup-my\public\blog\food-content-creation-gig-malaysia.jpg'
[2026-10-05T20:23:46.163Z] !! full-frame-vs-crop-sensor-malaysia.jpg: UNKNOWN: unknown error, open 'C:\Users\User\Desktop\n\gearup-my\public\blog\full-frame-vs-crop-sensor-malaysia.jpg'
[2026-10-05T20:23:46.608Z] !! gig-fotografi-dron-hartanah-malaysia.jpg: UNKNOWN: unknown error, open 'C:\Users\User\Desktop\n\gearup-my\public\blog\gig-fotografi-dron-hartanah-malaysia.jpg'
[2026-10-05T20:23:46.823Z] !! gig-fotografi-makanan-malaysia.jpg: UNKNOWN: unknown error, open 'C:\Users\User\Desktop\n\gearup-my\public\blog\gig-fotografi-makanan-malaysia.jpg'
[2026-10-05T20:23:47.230Z] !! gig-fotografi-potret-sambilan-malaysia.jpg: UNKNOWN: unknown error, open 'C:\Users\User\Desktop\n\gearup-my\public\blog\gig-fotografi-potret-sambilan-malaysia.jpg'
[2026-10-05T20:23:47.558Z] !! gig-fotografi-produk-shopee-lazada-malaysia.jpg: UNKNOWN: unknown error, open 'C:\Users\User\Desktop\n\gearup-my\public\blog\gig-fotografi-produk-shopee-lazada-malaysia.jpg'
[2026-10-05T20:23:48.178Z] !! gig-video-perniagaan-kecil-malaysia.jpg: UNKNOWN: unknown error, open 'C:\Users\User\Desktop\n\gearup-my\public\blog\gig-video-perniagaan-kecil-malaysia.jpg'
[2026-10-05T20:23:48.600Z] !! harga-sony-camera-malaysia.jpg: UNKNOWN: unknown error, open 'C:\Users\User\Desktop\n\gearup-my\public\blog\harga-sony-camera-malaysia.jpg'
[2026-10-05T20:23:49.107Z] !! hikvision-8-camera-nvr-factory-malaysia.jpg: UNKNOWN: unknown error, open 'C:\Users\User\Desktop\n\gearup-my\public\blog\hikvision-8-camera-nvr-factory-malaysia.jpg'
[2026-10-05T20:23:49.341Z] !! insta360-ace-pro-2-review-malaysia.jpg: UNKNOWN: unknown error, open 'C:\Users\User\Desktop\n\gearup-my\public\blog\insta360-ace-pro-2-review-malaysia.jpg'
[2026-10-05T20:23:49.682Z] !! insta360-luna-vs-dslr-photography-malaysia.jpg: UNKNOWN: unknown error, open 'C:\Users\User\Desktop\n\gearup-my\public\blog\insta360-luna-vs-dslr-photography-malaysia.jpg'
[2026-10-05T20:23:49.781Z] !! insta360-vs-gopro-which-buy-malaysia-2026.jpg: UNKNOWN: unknown error, open 'C:\Users\User\Desktop\n\gearup-my\public\blog\insta360-vs-gopro-which-buy-malaysia-2026.jpg'
[2026-10-05T20:23:50.150Z] !! insta360-x4-review-malaysia.jpg: UNKNOWN: unknown error, open 'C:\Users\User\Desktop\n\gearup-my\public\blog\insta360-x4-review-malaysia.jpg'
[2026-10-05T20:23:50.159Z] note (non-jpg, left as-is): insta360-x5-review-malaysia.webp 1920x2882
[2026-10-05T20:23:50.515Z] !! iphone-15-content-creation-malaysia.jpg: UNKNOWN: unknown error, open 'C:\Users\User\Desktop\n\gearup-my\public\blog\iphone-15-content-creation-malaysia.jpg'
[2026-10-05T20:23:50.851Z] !! iphone-16-pro-content-creation-malaysia.jpg: UNKNOWN: unknown error, open 'C:\Users\User\Desktop\n\gearup-my\public\blog\iphone-16-pro-content-creation-malaysia.jpg'
[2026-10-05T20:23:51.066Z] !! iphone-17-pro-content-creation-malaysia.jpg: UNKNOWN: unknown error, open 'C:\Users\User\Desktop\n\gearup-my\public\blog\iphone-17-pro-content-creation-malaysia.jpg'
[2026-10-05T20:23:51.227Z] !! iphone-17-pro-vs-mirrorless-malaysia-2026.jpg: UNKNOWN: unknown error, open 'C:\Users\User\Desktop\n\gearup-my\public\blog\iphone-17-pro-vs-mirrorless-malaysia-2026.jpg'
[2026-10-05T20:23:51.601Z] !! iphone-vs-mirrorless-camera-content-creation-malaysia.jpg: UNKNOWN: unknown error, open 'C:\Users\User\Desktop\n\gearup-my\public\blog\iphone-vs-mirrorless-camera-content-creation-malaysia.jpg'
[2026-10-05T20:23:51.962Z] !! japan-camera-market.jpg: UNKNOWN: unknown error, open 'C:\Users\User\Desktop\n\gearup-my\public\blog\japan-camera-market.jpg'
[2026-10-05T20:23:52.100Z] !! kamera-bawah-rm2000-malaysia.jpg: UNKNOWN: unknown error, open 'C:\Users\User\Desktop\n\gearup-my\public\blog\kamera-bawah-rm2000-malaysia.jpg'
[2026-10-05T20:23:52.264Z] !! kamera-murah-bawah-rm1000.jpg: UNKNOWN: unknown error, open 'C:\Users\User\Desktop\n\gearup-my\public\blog\kamera-murah-bawah-rm1000.jpg'
[2026-10-05T20:23:52.506Z] !! kamera-untuk-photography-malaysia.jpg: UNKNOWN: unknown error, open 'C:\Users\User\Desktop\n\gearup-my\public\blog\kamera-untuk-photography-malaysia.jpg'
[2026-10-05T20:23:52.864Z] !! konten-bisnes-kecil-retainer-content-creator-malaysia.jpg: UNKNOWN: unknown error, open 'C:\Users\User\Desktop\n\gearup-my\public\blog\konten-bisnes-kecil-retainer-content-creator-malaysia.jpg'
[2026-10-05T20:23:53.072Z] !! mic-terbaik-tiktok-live-malaysia.jpg: UNKNOWN: unknown error, open 'C:\Users\User\Desktop\n\gearup-my\public\blog\mic-terbaik-tiktok-live-malaysia.jpg'
[2026-10-05T20:23:53.234Z] !! mirrorless-vs-dslr-malaysia.jpg: UNKNOWN: unknown error, open 'C:\Users\User\Desktop\n\gearup-my\public\blog\mirrorless-vs-dslr-malaysia.jpg'
[2026-10-05T20:23:53.451Z] !! nikon-d3100-vs-sony-a6100-which-better-malaysia.jpg: UNKNOWN: unknown error, open 'C:\Users\User\Desktop\n\gearup-my\public\blog\nikon-d3100-vs-sony-a6100-which-better-malaysia.jpg'
[2026-10-05T20:23:53.638Z] !! nikon-d500-reality-check-2026.jpg: UNKNOWN: unknown error, open 'C:\Users\User\Desktop\n\gearup-my\public\blog\nikon-d500-reality-check-2026.jpg'
[2026-10-05T20:23:53.903Z] !! nikon-d7200-review-malaysia.jpg: UNKNOWN: unknown error, open 'C:\Users\User\Desktop\n\gearup-my\public\blog\nikon-d7200-review-malaysia.jpg'
[2026-10-05T20:23:54.136Z] !! nikon-z50-ii-review-malaysia.jpg: UNKNOWN: unknown error, open 'C:\Users\User\Desktop\n\gearup-my\public\blog\nikon-z50-ii-review-malaysia.jpg'
[2026-10-05T20:23:54.397Z] !! old-dslr-era-60d-d3100-gig-payoff-malaysia.jpg: UNKNOWN: unknown error, open 'C:\Users\User\Desktop\n\gearup-my\public\blog\old-dslr-era-60d-d3100-gig-payoff-malaysia.jpg'
[2026-10-05T20:23:54.722Z] !! osmo-action-6-pro-vs-gopro-hero-14-malaysia.jpg: UNKNOWN: unknown error, open 'C:\Users\User\Desktop\n\gearup-my\public\blog\osmo-action-6-pro-vs-gopro-hero-14-malaysia.jpg'
[2026-10-05T20:23:54.899Z] !! panasonic-lumix-s9-review-malaysia.jpg: UNKNOWN: unknown error, open 'C:\Users\User\Desktop\n\gearup-my\public\blog\panasonic-lumix-s9-review-malaysia.jpg'
[2026-10-05T20:23:55.261Z] !! panduan-harga-gig-fotografi-malaysia-2026.jpg: UNKNOWN: unknown error, open 'C:\Users\User\Desktop\n\gearup-my\public\blog\panduan-harga-gig-fotografi-malaysia-2026.jpg'
[2026-10-05T20:23:55.550Z] !! philippines-vlogging-gear.jpg: UNKNOWN: unknown error, open 'C:\Users\User\Desktop\n\gearup-my\public\blog\philippines-vlogging-gear.jpg'
[2026-10-05T20:23:55.675Z] !! photography-vs-video-camera-malaysia-beginners.jpg: UNKNOWN: unknown error, open 'C:\Users\User\Desktop\n\gearup-my\public\blog\photography-vs-video-camera-malaysia-beginners.jpg'
[2026-10-05T20:23:55.852Z] !! product-photography-ecommerce-gig-malaysia.jpg: UNKNOWN: unknown error, open 'C:\Users\User\Desktop\n\gearup-my\public\blog\product-photography-ecommerce-gig-malaysia.jpg'
[2026-10-05T20:23:56.359Z] !! real-estate-media-gig-malaysia.jpg: UNKNOWN: unknown error, open 'C:\Users\User\Desktop\n\gearup-my\public\blog\real-estate-media-gig-malaysia.jpg'
[2026-10-05T20:23:56.660Z] !! samsung-galaxy-s25-ultra-review-malaysia.jpg: UNKNOWN: unknown error, open 'C:\Users\User\Desktop\n\gearup-my\public\blog\samsung-galaxy-s25-ultra-review-malaysia.jpg'
[2026-10-05T20:23:57.091Z] !! second-hand-camera-buying-guide.jpg: UNKNOWN: unknown error, open 'C:\Users\User\Desktop\n\gearup-my\public\blog\second-hand-camera-buying-guide.jpg'
[2026-10-05T20:23:57.518Z] !! second-hand-camera-scams-malaysia.jpg: UNKNOWN: unknown error, open 'C:\Users\User\Desktop\n\gearup-my\public\blog\second-hand-camera-scams-malaysia.jpg'
[2026-10-05T20:23:57.726Z] !! side-income-umur-40-plus-fotografi-malaysia.jpg: UNKNOWN: unknown error, open 'C:\Users\User\Desktop\n\gearup-my\public\blog\side-income-umur-40-plus-fotografi-malaysia.jpg'
[2026-10-05T20:23:57.904Z] !! singapore-camera-rental-creator-gear.jpg: UNKNOWN: unknown error, open 'C:\Users\User\Desktop\n\gearup-my\public\blog\singapore-camera-rental-creator-gear.jpg'
[2026-10-05T20:23:58.231Z] !! sony-a6000-review-malaysia-second-hand.jpg: UNKNOWN: unknown error, open 'C:\Users\User\Desktop\n\gearup-my\public\blog\sony-a6000-review-malaysia-second-hand.jpg'
[2026-10-05T20:23:58.476Z] !! sony-a6700-review-malaysia.jpg: UNKNOWN: unknown error, open 'C:\Users\User\Desktop\n\gearup-my\public\blog\sony-a6700-review-malaysia.jpg'
[2026-10-05T20:23:58.720Z] !! sony-a7c-ii-review-malaysia.jpg: UNKNOWN: unknown error, open 'C:\Users\User\Desktop\n\gearup-my\public\blog\sony-a7c-ii-review-malaysia.jpg'
[2026-10-05T20:23:59.020Z] !! sony-zv-e10-review-malaysia-second-hand.jpg: UNKNOWN: unknown error, open 'C:\Users\User\Desktop\n\gearup-my\public\blog\sony-zv-e10-review-malaysia-second-hand.jpg'
[2026-10-05T20:23:59.360Z] !! south-korea-creator-gear.jpg: UNKNOWN: unknown error, open 'C:\Users\User\Desktop\n\gearup-my\public\blog\south-korea-creator-gear.jpg'
[2026-10-05T20:23:59.749Z] !! taiwan-camera-market.jpg: UNKNOWN: unknown error, open 'C:\Users\User\Desktop\n\gearup-my\public\blog\taiwan-camera-market.jpg'
[2026-10-05T20:23:59.891Z] !! tamron-17-50mm-vc-review-malaysia.jpg: UNKNOWN: unknown error, open 'C:\Users\User\Desktop\n\gearup-my\public\blog\tamron-17-50mm-vc-review-malaysia.jpg'
[2026-10-05T20:24:00.280Z] !! tapo-4-camera-wifi-retail-shop-malaysia.jpg: UNKNOWN: unknown error, open 'C:\Users\User\Desktop\n\gearup-my\public\blog\tapo-4-camera-wifi-retail-shop-malaysia.jpg'
[2026-10-05T20:24:00.562Z] !! tapo-c210-vs-c220-malaysia.jpg: UNKNOWN: unknown error, open 'C:\Users\User\Desktop\n\gearup-my\public\blog\tapo-c210-vs-c220-malaysia.jpg'
[2026-10-05T20:24:00.946Z] !! thailand-camera-gear.jpg: UNKNOWN: unknown error, open 'C:\Users\User\Desktop\n\gearup-my\public\blog\thailand-camera-gear.jpg'
[2026-10-05T20:24:01.132Z] !! tiktok-reels-shorts-strategy-malaysia-2026.jpg: UNKNOWN: unknown error, open 'C:\Users\User\Desktop\n\gearup-my\public\blog\tiktok-reels-shorts-strategy-malaysia-2026.jpg'
[2026-10-05T20:24:01.438Z] !! turning-50-panic-plan-content-side-hustle-malaysia.jpg: UNKNOWN: unknown error, open 'C:\Users\User\Desktop\n\gearup-my\public\blog\turning-50-panic-plan-content-side-hustle-malaysia.jpg'
[2026-10-05T20:24:01.565Z] !! turning-50-second-act-gig-guide-malaysia.jpg: UNKNOWN: unknown error, open 'C:\Users\User\Desktop\n\gearup-my\public\blog\turning-50-second-act-gig-guide-malaysia.jpg'
[2026-10-05T20:24:01.769Z] !! video-stabilization-ibis-gimbal-tripod-malaysia.jpg: UNKNOWN: unknown error, open 'C:\Users\User\Desktop\n\gearup-my\public\blog\video-stabilization-ibis-gimbal-tripod-malaysia.jpg'
[2026-10-05T20:24:01.973Z] !! wedding-photography-side-hustle-malaysia.jpg: UNKNOWN: unknown error, open 'C:\Users\User\Desktop\n\gearup-my\public\blog\wedding-photography-side-hustle-malaysia.jpg'
[2026-10-05T20:24:02.170Z] !! xiaomi-14-ultra-review-malaysia.jpg: UNKNOWN: unknown error, open 'C:\Users\User\Desktop\n\gearup-my\public\blog\xiaomi-14-ultra-review-malaysia.jpg'
[2026-10-05T20:24:02.478Z] !! xiaomi-15-ultra-review-malaysia.jpg: UNKNOWN: unknown error, open 'C:\Users\User\Desktop\n\gearup-my\public\blog\xiaomi-15-ultra-review-malaysia.jpg'
[2026-10-05T20:24:02.485Z] done: 248 files, re-encoded 0, unchanged 162, dims -> image-dims.ts
[2026-10-05T20:26:34.726Z] !! age-50-vs-age-25-content-creator-malaysia.jpg [unknown]: UNKNOWN: unknown error, open 'C:\Users\User\Desktop\n\gearup-my\public\blog\age-50-vs-age-25-content-creator-malaysia.jpg'
[2026-10-05T20:26:35.347Z] !! beli-kamera-kredit-vs-simpan-malaysia.jpg [unknown]: UNKNOWN: unknown error, open 'C:\Users\User\Desktop\n\gearup-my\public\blog\beli-kamera-kredit-vs-simpan-malaysia.jpg'
[2026-10-05T20:26:35.507Z] !! berapa-gig-untuk-bayar-camera.jpg [unknown]: UNKNOWN: unknown error, open 'C:\Users\User\Desktop\n\gearup-my\public\blog\berapa-gig-untuk-bayar-camera.jpg'
[2026-10-05T20:26:35.723Z] !! best-budget-lapel-microphone-malaysia-audio-guide.jpg [unknown]: UNKNOWN: unknown error, open 'C:\Users\User\Desktop\n\gearup-my\public\blog\best-budget-lapel-microphone-malaysia-audio-guide.jpg'
[2026-10-05T20:26:35.919Z] !! best-camera-beginners-malaysia-2026.jpg [unknown]: UNKNOWN: unknown error, open 'C:\Users\User\Desktop\n\gearup-my\public\blog\best-camera-beginners-malaysia-2026.jpg'
[2026-10-05T20:26:36.160Z] !! best-camera-content-creator-malaysia.jpg [unknown]: UNKNOWN: unknown error, open 'C:\Users\User\Desktop\n\gearup-my\public\blog\best-camera-content-creator-malaysia.jpg'
[2026-10-05T20:26:36.394Z] !! best-drone-malaysia-2026.jpg [unknown]: UNKNOWN: unknown error, open 'C:\Users\User\Desktop\n\gearup-my\public\blog\best-drone-malaysia-2026.jpg'
[2026-10-05T20:26:36.555Z] !! best-first-lens-malaysia.jpg [unknown]: UNKNOWN: unknown error, open 'C:\Users\User\Desktop\n\gearup-my\public\blog\best-first-lens-malaysia.jpg'
[2026-10-05T20:26:36.955Z] !! best-tripod-phone-camera-malaysia-guide.jpg [unknown]: UNKNOWN: unknown error, open 'C:\Users\User\Desktop\n\gearup-my\public\blog\best-tripod-phone-camera-malaysia-guide.jpg'
[2026-10-05T20:26:37.158Z] !! best-vlogging-camera-malaysia-2026.jpg [unknown]: UNKNOWN: unknown error, open 'C:\Users\User\Desktop\n\gearup-my\public\blog\best-vlogging-camera-malaysia-2026.jpg'
[2026-10-05T20:26:37.572Z] !! buat-video-guna-handphone-cabaran-30-hari.jpg [unknown]: UNKNOWN: unknown error, open 'C:\Users\User\Desktop\n\gearup-my\public\blog\buat-video-guna-handphone-cabaran-30-hari.jpg'
[2026-10-05T20:26:37.818Z] !! camera-price-guide-malaysia-2026.jpg [unknown]: UNKNOWN: unknown error, open 'C:\Users\User\Desktop\n\gearup-my\public\blog\camera-price-guide-malaysia-2026.jpg'
[2026-10-05T20:26:38.040Z] !! camera-roi-calculator-malaysia.jpg [unknown]: UNKNOWN: unknown error, open 'C:\Users\User\Desktop\n\gearup-my\public\blog\camera-roi-calculator-malaysia.jpg'
[2026-10-05T20:26:38.475Z] !! camera-sd-card-speed-guide-malaysia.jpg [unknown]: UNKNOWN: unknown error, open 'C:\Users\User\Desktop\n\gearup-my\public\blog\camera-sd-card-speed-guide-malaysia.jpg'
[2026-10-05T20:26:38.631Z] !! camera-under-2000-malaysia-2026.jpg [unknown]: UNKNOWN: unknown error, open 'C:\Users\User\Desktop\n\gearup-my\public\blog\camera-under-2000-malaysia-2026.jpg'
[2026-10-05T20:26:38.819Z] !! canon-eos-r50-vs-sony-a6100-which-better-malaysia.jpg [unknown]: UNKNOWN: unknown error, open 'C:\Users\User\Desktop\n\gearup-my\public\blog\canon-eos-r50-vs-sony-a6100-which-better-malaysia.jpg'
[2026-10-05T20:26:39.103Z] !! cara-buat-portfolio-fotografi-malaysia.jpg [unknown]: UNKNOWN: unknown error, open 'C:\Users\User\Desktop\n\gearup-my\public\blog\cara-buat-portfolio-fotografi-malaysia.jpg'
[2026-10-05T20:26:39.267Z] !! cara-jadi-content-creator-tanpa-modal-malaysia.jpg [unknown]: UNKNOWN: unknown error, open 'C:\Users\User\Desktop\n\gearup-my\public\blog\cara-jadi-content-creator-tanpa-modal-malaysia.jpg'
[2026-10-05T20:26:39.504Z] !! cara-mula-photography-dengan-rm500.jpg [unknown]: UNKNOWN: unknown error, open 'C:\Users\User\Desktop\n\gearup-my\public\blog\cara-mula-photography-dengan-rm500.jpg'
[2026-10-05T20:26:39.512Z] note (non-jpg, left as-is): cctv-ai-facial-recognition-sistem-keselamatan-kilang-malaysia.png 1920x1689
[2026-10-05T20:26:39.764Z] !! cctv-installer-gig-side-hustle-malaysia.jpg [unknown]: UNKNOWN: unknown error, open 'C:\Users\User\Desktop\n\gearup-my\public\blog\cctv-installer-gig-side-hustle-malaysia.jpg'
[2026-10-05T20:26:40.085Z] !! cctv-keselamatan-pekerja-sistem-ai-kilang-malaysia.jpg [unknown]: UNKNOWN: unknown error, open 'C:\Users\User\Desktop\n\gearup-my\public\blog\cctv-keselamatan-pekerja-sistem-ai-kilang-malaysia.jpg'
[2026-10-05T20:26:40.459Z] !! cctv-pantau-ibu-bapa-lansia-malaysia.jpg [unknown]: UNKNOWN: unknown error, open 'C:\Users\User\Desktop\n\gearup-my\public\blog\cctv-pantau-ibu-bapa-lansia-malaysia.jpg'
[2026-10-05T20:26:40.683Z] !! content-calendar-malaysia-creators.jpg [unknown]: UNKNOWN: unknown error, open 'C:\Users\User\Desktop\n\gearup-my\public\blog\content-calendar-malaysia-creators.jpg'
[2026-10-05T20:26:40.962Z] !! content-creator-gear-roi-malaysia-calculator.jpg [unknown]: UNKNOWN: unknown error, open 'C:\Users\User\Desktop\n\gearup-my\public\blog\content-creator-gear-roi-malaysia-calculator.jpg'
[2026-10-05T20:26:41.118Z] !! dji-mini-3-pro-vs-mini-4-pro-malaysia.jpg [unknown]: UNKNOWN: unknown error, open 'C:\Users\User\Desktop\n\gearup-my\public\blog\dji-mini-3-pro-vs-mini-4-pro-malaysia.jpg'
[2026-10-05T20:26:41.274Z] !! dji-vs-instax360-malaysia.jpg [unknown]: UNKNOWN: unknown error, open 'C:\Users\User\Desktop\n\gearup-my\public\blog\dji-vs-instax360-malaysia.jpg'
[2026-10-05T20:26:41.576Z] !! drone-license-registration-malaysia-2026.jpg [unknown]: UNKNOWN: unknown error, open 'C:\Users\User\Desktop\n\gearup-my\public\blog\drone-license-registration-malaysia-2026.jpg'
[2026-10-05T20:26:41.923Z] !! food-content-creation-gig-malaysia.jpg [unknown]: UNKNOWN: unknown error, open 'C:\Users\User\Desktop\n\gearup-my\public\blog\food-content-creation-gig-malaysia.jpg'
[2026-10-05T20:26:42.098Z] !! full-frame-vs-crop-sensor-malaysia.jpg [unknown]: UNKNOWN: unknown error, open 'C:\Users\User\Desktop\n\gearup-my\public\blog\full-frame-vs-crop-sensor-malaysia.jpg'
[2026-10-05T20:26:42.548Z] !! gig-fotografi-dron-hartanah-malaysia.jpg [unknown]: UNKNOWN: unknown error, open 'C:\Users\User\Desktop\n\gearup-my\public\blog\gig-fotografi-dron-hartanah-malaysia.jpg'
[2026-10-05T20:26:42.762Z] !! gig-fotografi-makanan-malaysia.jpg [unknown]: UNKNOWN: unknown error, open 'C:\Users\User\Desktop\n\gearup-my\public\blog\gig-fotografi-makanan-malaysia.jpg'
[2026-10-05T20:26:43.170Z] !! gig-fotografi-potret-sambilan-malaysia.jpg [unknown]: UNKNOWN: unknown error, open 'C:\Users\User\Desktop\n\gearup-my\public\blog\gig-fotografi-potret-sambilan-malaysia.jpg'
[2026-10-05T20:26:43.496Z] !! gig-fotografi-produk-shopee-lazada-malaysia.jpg [unknown]: UNKNOWN: unknown error, open 'C:\Users\User\Desktop\n\gearup-my\public\blog\gig-fotografi-produk-shopee-lazada-malaysia.jpg'
[2026-10-05T20:26:44.105Z] !! gig-video-perniagaan-kecil-malaysia.jpg [unknown]: UNKNOWN: unknown error, open 'C:\Users\User\Desktop\n\gearup-my\public\blog\gig-video-perniagaan-kecil-malaysia.jpg'
[2026-10-05T20:26:44.485Z] !! harga-sony-camera-malaysia.jpg [unknown]: UNKNOWN: unknown error, open 'C:\Users\User\Desktop\n\gearup-my\public\blog\harga-sony-camera-malaysia.jpg'
[2026-10-05T20:26:44.986Z] !! hikvision-8-camera-nvr-factory-malaysia.jpg [unknown]: UNKNOWN: unknown error, open 'C:\Users\User\Desktop\n\gearup-my\public\blog\hikvision-8-camera-nvr-factory-malaysia.jpg'
[2026-10-05T20:26:45.216Z] !! insta360-ace-pro-2-review-malaysia.jpg [unknown]: UNKNOWN: unknown error, open 'C:\Users\User\Desktop\n\gearup-my\public\blog\insta360-ace-pro-2-review-malaysia.jpg'
[2026-10-05T20:26:45.569Z] !! insta360-luna-vs-dslr-photography-malaysia.jpg [unknown]: UNKNOWN: unknown error, open 'C:\Users\User\Desktop\n\gearup-my\public\blog\insta360-luna-vs-dslr-photography-malaysia.jpg'
[2026-10-05T20:26:45.668Z] !! insta360-vs-gopro-which-buy-malaysia-2026.jpg [unknown]: UNKNOWN: unknown error, open 'C:\Users\User\Desktop\n\gearup-my\public\blog\insta360-vs-gopro-which-buy-malaysia-2026.jpg'
[2026-10-05T20:26:46.038Z] !! insta360-x4-review-malaysia.jpg [unknown]: UNKNOWN: unknown error, open 'C:\Users\User\Desktop\n\gearup-my\public\blog\insta360-x4-review-malaysia.jpg'
[2026-10-05T20:26:46.046Z] note (non-jpg, left as-is): insta360-x5-review-malaysia.webp 1920x2882
[2026-10-05T20:26:46.399Z] !! iphone-15-content-creation-malaysia.jpg [unknown]: UNKNOWN: unknown error, open 'C:\Users\User\Desktop\n\gearup-my\public\blog\iphone-15-content-creation-malaysia.jpg'
[2026-10-05T20:26:46.725Z] !! iphone-16-pro-content-creation-malaysia.jpg [unknown]: UNKNOWN: unknown error, open 'C:\Users\User\Desktop\n\gearup-my\public\blog\iphone-16-pro-content-creation-malaysia.jpg'
[2026-10-05T20:26:46.931Z] !! iphone-17-pro-content-creation-malaysia.jpg [unknown]: UNKNOWN: unknown error, open 'C:\Users\User\Desktop\n\gearup-my\public\blog\iphone-17-pro-content-creation-malaysia.jpg'
[2026-10-05T20:26:47.098Z] !! iphone-17-pro-vs-mirrorless-malaysia-2026.jpg [unknown]: UNKNOWN: unknown error, open 'C:\Users\User\Desktop\n\gearup-my\public\blog\iphone-17-pro-vs-mirrorless-malaysia-2026.jpg'
[2026-10-05T20:26:47.475Z] !! iphone-vs-mirrorless-camera-content-creation-malaysia.jpg [unknown]: UNKNOWN: unknown error, open 'C:\Users\User\Desktop\n\gearup-my\public\blog\iphone-vs-mirrorless-camera-content-creation-malaysia.jpg'
[2026-10-05T20:26:47.833Z] !! japan-camera-market.jpg [unknown]: UNKNOWN: unknown error, open 'C:\Users\User\Desktop\n\gearup-my\public\blog\japan-camera-market.jpg'
[2026-10-05T20:26:47.961Z] !! kamera-bawah-rm2000-malaysia.jpg [unknown]: UNKNOWN: unknown error, open 'C:\Users\User\Desktop\n\gearup-my\public\blog\kamera-bawah-rm2000-malaysia.jpg'
[2026-10-05T20:26:48.120Z] !! kamera-murah-bawah-rm1000.jpg [unknown]: UNKNOWN: unknown error, open 'C:\Users\User\Desktop\n\gearup-my\public\blog\kamera-murah-bawah-rm1000.jpg'
[2026-10-05T20:26:48.342Z] !! kamera-untuk-photography-malaysia.jpg [unknown]: UNKNOWN: unknown error, open 'C:\Users\User\Desktop\n\gearup-my\public\blog\kamera-untuk-photography-malaysia.jpg'
[2026-10-05T20:26:48.679Z] !! konten-bisnes-kecil-retainer-content-creator-malaysia.jpg [unknown]: UNKNOWN: unknown error, open 'C:\Users\User\Desktop\n\gearup-my\public\blog\konten-bisnes-kecil-retainer-content-creator-malaysia.jpg'
[2026-10-05T20:26:48.872Z] !! mic-terbaik-tiktok-live-malaysia.jpg [unknown]: UNKNOWN: unknown error, open 'C:\Users\User\Desktop\n\gearup-my\public\blog\mic-terbaik-tiktok-live-malaysia.jpg'
[2026-10-05T20:26:49.045Z] !! mirrorless-vs-dslr-malaysia.jpg [unknown]: UNKNOWN: unknown error, open 'C:\Users\User\Desktop\n\gearup-my\public\blog\mirrorless-vs-dslr-malaysia.jpg'
[2026-10-05T20:26:49.264Z] !! nikon-d3100-vs-sony-a6100-which-better-malaysia.jpg [unknown]: UNKNOWN: unknown error, open 'C:\Users\User\Desktop\n\gearup-my\public\blog\nikon-d3100-vs-sony-a6100-which-better-malaysia.jpg'
[2026-10-05T20:26:49.476Z] !! nikon-d500-reality-check-2026.jpg [unknown]: UNKNOWN: unknown error, open 'C:\Users\User\Desktop\n\gearup-my\public\blog\nikon-d500-reality-check-2026.jpg'
[2026-10-05T20:26:49.744Z] !! nikon-d7200-review-malaysia.jpg [unknown]: UNKNOWN: unknown error, open 'C:\Users\User\Desktop\n\gearup-my\public\blog\nikon-d7200-review-malaysia.jpg'
[2026-10-05T20:26:49.979Z] !! nikon-z50-ii-review-malaysia.jpg [unknown]: UNKNOWN: unknown error, open 'C:\Users\User\Desktop\n\gearup-my\public\blog\nikon-z50-ii-review-malaysia.jpg'
[2026-10-05T20:26:50.248Z] !! old-dslr-era-60d-d3100-gig-payoff-malaysia.jpg [unknown]: UNKNOWN: unknown error, open 'C:\Users\User\Desktop\n\gearup-my\public\blog\old-dslr-era-60d-d3100-gig-payoff-malaysia.jpg'
[2026-10-05T20:26:50.561Z] !! osmo-action-6-pro-vs-gopro-hero-14-malaysia.jpg [unknown]: UNKNOWN: unknown error, open 'C:\Users\User\Desktop\n\gearup-my\public\blog\osmo-action-6-pro-vs-gopro-hero-14-malaysia.jpg'
[2026-10-05T20:26:50.735Z] !! panasonic-lumix-s9-review-malaysia.jpg [unknown]: UNKNOWN: unknown error, open 'C:\Users\User\Desktop\n\gearup-my\public\blog\panasonic-lumix-s9-review-malaysia.jpg'
[2026-10-05T20:26:51.096Z] !! panduan-harga-gig-fotografi-malaysia-2026.jpg [unknown]: UNKNOWN: unknown error, open 'C:\Users\User\Desktop\n\gearup-my\public\blog\panduan-harga-gig-fotografi-malaysia-2026.jpg'
[2026-10-05T20:26:51.392Z] !! philippines-vlogging-gear.jpg [unknown]: UNKNOWN: unknown error, open 'C:\Users\User\Desktop\n\gearup-my\public\blog\philippines-vlogging-gear.jpg'
[2026-10-05T20:26:51.524Z] !! photography-vs-video-camera-malaysia-beginners.jpg [unknown]: UNKNOWN: unknown error, open 'C:\Users\User\Desktop\n\gearup-my\public\blog\photography-vs-video-camera-malaysia-beginners.jpg'
[2026-10-05T20:26:51.695Z] !! product-photography-ecommerce-gig-malaysia.jpg [unknown]: UNKNOWN: unknown error, open 'C:\Users\User\Desktop\n\gearup-my\public\blog\product-photography-ecommerce-gig-malaysia.jpg'
[2026-10-05T20:26:52.212Z] !! real-estate-media-gig-malaysia.jpg [unknown]: UNKNOWN: unknown error, open 'C:\Users\User\Desktop\n\gearup-my\public\blog\real-estate-media-gig-malaysia.jpg'
[2026-10-05T20:26:52.550Z] !! samsung-galaxy-s25-ultra-review-malaysia.jpg [unknown]: UNKNOWN: unknown error, open 'C:\Users\User\Desktop\n\gearup-my\public\blog\samsung-galaxy-s25-ultra-review-malaysia.jpg'
[2026-10-05T20:26:53.009Z] !! second-hand-camera-buying-guide.jpg [unknown]: UNKNOWN: unknown error, open 'C:\Users\User\Desktop\n\gearup-my\public\blog\second-hand-camera-buying-guide.jpg'
[2026-10-05T20:26:53.436Z] !! second-hand-camera-scams-malaysia.jpg [unknown]: UNKNOWN: unknown error, open 'C:\Users\User\Desktop\n\gearup-my\public\blog\second-hand-camera-scams-malaysia.jpg'
[2026-10-05T20:26:53.646Z] !! side-income-umur-40-plus-fotografi-malaysia.jpg [unknown]: UNKNOWN: unknown error, open 'C:\Users\User\Desktop\n\gearup-my\public\blog\side-income-umur-40-plus-fotografi-malaysia.jpg'
[2026-10-05T20:26:53.821Z] !! singapore-camera-rental-creator-gear.jpg [unknown]: UNKNOWN: unknown error, open 'C:\Users\User\Desktop\n\gearup-my\public\blog\singapore-camera-rental-creator-gear.jpg'
[2026-10-05T20:26:54.146Z] !! sony-a6000-review-malaysia-second-hand.jpg [unknown]: UNKNOWN: unknown error, open 'C:\Users\User\Desktop\n\gearup-my\public\blog\sony-a6000-review-malaysia-second-hand.jpg'
[2026-10-05T20:26:54.388Z] !! sony-a6700-review-malaysia.jpg [unknown]: UNKNOWN: unknown error, open 'C:\Users\User\Desktop\n\gearup-my\public\blog\sony-a6700-review-malaysia.jpg'
[2026-10-05T20:26:54.625Z] !! sony-a7c-ii-review-malaysia.jpg [unknown]: UNKNOWN: unknown error, open 'C:\Users\User\Desktop\n\gearup-my\public\blog\sony-a7c-ii-review-malaysia.jpg'
[2026-10-05T20:26:54.915Z] !! sony-zv-e10-review-malaysia-second-hand.jpg [unknown]: UNKNOWN: unknown error, open 'C:\Users\User\Desktop\n\gearup-my\public\blog\sony-zv-e10-review-malaysia-second-hand.jpg'
[2026-10-05T20:26:55.247Z] !! south-korea-creator-gear.jpg [unknown]: UNKNOWN: unknown error, open 'C:\Users\User\Desktop\n\gearup-my\public\blog\south-korea-creator-gear.jpg'
[2026-10-05T20:26:55.640Z] !! taiwan-camera-market.jpg [unknown]: UNKNOWN: unknown error, open 'C:\Users\User\Desktop\n\gearup-my\public\blog\taiwan-camera-market.jpg'
[2026-10-05T20:26:55.779Z] !! tamron-17-50mm-vc-review-malaysia.jpg [unknown]: UNKNOWN: unknown error, open 'C:\Users\User\Desktop\n\gearup-my\public\blog\tamron-17-50mm-vc-review-malaysia.jpg'
[2026-10-05T20:26:56.167Z] !! tapo-4-camera-wifi-retail-shop-malaysia.jpg [unknown]: UNKNOWN: unknown error, open 'C:\Users\User\Desktop\n\gearup-my\public\blog\tapo-4-camera-wifi-retail-shop-malaysia.jpg'
[2026-10-05T20:26:56.451Z] !! tapo-c210-vs-c220-malaysia.jpg [unknown]: UNKNOWN: unknown error, open 'C:\Users\User\Desktop\n\gearup-my\public\blog\tapo-c210-vs-c220-malaysia.jpg'
[2026-10-05T20:26:56.834Z] !! thailand-camera-gear.jpg [unknown]: UNKNOWN: unknown error, open 'C:\Users\User\Desktop\n\gearup-my\public\blog\thailand-camera-gear.jpg'
[2026-10-05T20:26:57.015Z] !! tiktok-reels-shorts-strategy-malaysia-2026.jpg [unknown]: UNKNOWN: unknown error, open 'C:\Users\User\Desktop\n\gearup-my\public\blog\tiktok-reels-shorts-strategy-malaysia-2026.jpg'
[2026-10-05T20:26:57.343Z] !! turning-50-panic-plan-content-side-hustle-malaysia.jpg [unknown]: UNKNOWN: unknown error, open 'C:\Users\User\Desktop\n\gearup-my\public\blog\turning-50-panic-plan-content-side-hustle-malaysia.jpg'
[2026-10-05T20:26:57.468Z] !! turning-50-second-act-gig-guide-malaysia.jpg [unknown]: UNKNOWN: unknown error, open 'C:\Users\User\Desktop\n\gearup-my\public\blog\turning-50-second-act-gig-guide-malaysia.jpg'
[2026-10-05T20:26:57.661Z] !! video-stabilization-ibis-gimbal-tripod-malaysia.jpg [unknown]: UNKNOWN: unknown error, open 'C:\Users\User\Desktop\n\gearup-my\public\blog\video-stabilization-ibis-gimbal-tripod-malaysia.jpg'
[2026-10-05T20:26:57.865Z] !! wedding-photography-side-hustle-malaysia.jpg [unknown]: UNKNOWN: unknown error, open 'C:\Users\User\Desktop\n\gearup-my\public\blog\wedding-photography-side-hustle-malaysia.jpg'
[2026-10-05T20:26:58.057Z] !! xiaomi-14-ultra-review-malaysia.jpg [unknown]: UNKNOWN: unknown error, open 'C:\Users\User\Desktop\n\gearup-my\public\blog\xiaomi-14-ultra-review-malaysia.jpg'
[2026-10-05T20:26:58.361Z] !! xiaomi-15-ultra-review-malaysia.jpg [unknown]: UNKNOWN: unknown error, open 'C:\Users\User\Desktop\n\gearup-my\public\blog\xiaomi-15-ultra-review-malaysia.jpg'
[2026-10-05T20:26:58.367Z] done: 248 files, re-encoded 0, unchanged 162, dims -> image-dims.ts
[2026-10-05T20:30:11.281Z] note (non-jpg, left as-is): cctv-ai-facial-recognition-sistem-keselamatan-kilang-malaysia.png 1920x1689
[2026-10-05T20:30:17.814Z] note (non-jpg, left as-is): insta360-x5-review-malaysia.webp 1920x2882
[2026-10-05T20:30:29.974Z] round 1: 86 file(s) locked by system - retrying in 5s
[2026-10-05T20:30:56.758Z] round 2: 86 file(s) locked by system - retrying in 5s
[2026-10-05T20:31:23.330Z] round 3: 86 file(s) locked by system - retrying in 5s
[2026-10-05T20:31:50.148Z] round 4: 86 file(s) locked by system - retrying in 5s
[2026-10-05T20:32:16.741Z] round 5: 86 file(s) locked by system - retrying in 5s
[2026-10-05T20:32:22.003Z] !! age-50-vs-age-25-content-creator-malaysia.jpg: UNKNOWN: unknown error, open 'C:\Users\User\Desktop\n\gearup-my\public\blog\age-50-vs-age-25-content-creator-malaysia.jpg'
[2026-10-05T20:32:22.568Z] !! beli-kamera-kredit-vs-simpan-malaysia.jpg: UNKNOWN: unknown error, open 'C:\Users\User\Desktop\n\gearup-my\public\blog\beli-kamera-kredit-vs-simpan-malaysia.jpg'
[2026-10-05T20:32:22.716Z] !! berapa-gig-untuk-bayar-camera.jpg: UNKNOWN: unknown error, open 'C:\Users\User\Desktop\n\gearup-my\public\blog\berapa-gig-untuk-bayar-camera.jpg'
[2026-10-05T20:32:22.904Z] !! best-budget-lapel-microphone-malaysia-audio-guide.jpg: UNKNOWN: unknown error, open 'C:\Users\User\Desktop\n\gearup-my\public\blog\best-budget-lapel-microphone-malaysia-audio-guide.jpg'
[2026-10-05T20:32:23.090Z] !! best-camera-beginners-malaysia-2026.jpg: UNKNOWN: unknown error, open 'C:\Users\User\Desktop\n\gearup-my\public\blog\best-camera-beginners-malaysia-2026.jpg'
[2026-10-05T20:32:23.308Z] !! best-camera-content-creator-malaysia.jpg: UNKNOWN: unknown error, open 'C:\Users\User\Desktop\n\gearup-my\public\blog\best-camera-content-creator-malaysia.jpg'
[2026-10-05T20:32:23.530Z] !! best-drone-malaysia-2026.jpg: UNKNOWN: unknown error, open 'C:\Users\User\Desktop\n\gearup-my\public\blog\best-drone-malaysia-2026.jpg'
[2026-10-05T20:32:23.687Z] !! best-first-lens-malaysia.jpg: UNKNOWN: unknown error, open 'C:\Users\User\Desktop\n\gearup-my\public\blog\best-first-lens-malaysia.jpg'
[2026-10-05T20:32:24.071Z] !! best-tripod-phone-camera-malaysia-guide.jpg: UNKNOWN: unknown error, open 'C:\Users\User\Desktop\n\gearup-my\public\blog\best-tripod-phone-camera-malaysia-guide.jpg'
[2026-10-05T20:32:24.262Z] !! best-vlogging-camera-malaysia-2026.jpg: UNKNOWN: unknown error, open 'C:\Users\User\Desktop\n\gearup-my\public\blog\best-vlogging-camera-malaysia-2026.jpg'
[2026-10-05T20:32:24.650Z] !! buat-video-guna-handphone-cabaran-30-hari.jpg: UNKNOWN: unknown error, open 'C:\Users\User\Desktop\n\gearup-my\public\blog\buat-video-guna-handphone-cabaran-30-hari.jpg'
[2026-10-05T20:32:24.867Z] !! camera-price-guide-malaysia-2026.jpg: UNKNOWN: unknown error, open 'C:\Users\User\Desktop\n\gearup-my\public\blog\camera-price-guide-malaysia-2026.jpg'
[2026-10-05T20:32:25.054Z] !! camera-roi-calculator-malaysia.jpg: UNKNOWN: unknown error, open 'C:\Users\User\Desktop\n\gearup-my\public\blog\camera-roi-calculator-malaysia.jpg'
[2026-10-05T20:32:25.485Z] !! camera-sd-card-speed-guide-malaysia.jpg: UNKNOWN: unknown error, open 'C:\Users\User\Desktop\n\gearup-my\public\blog\camera-sd-card-speed-guide-malaysia.jpg'
[2026-10-05T20:32:25.640Z] !! camera-under-2000-malaysia-2026.jpg: UNKNOWN: unknown error, open 'C:\Users\User\Desktop\n\gearup-my\public\blog\camera-under-2000-malaysia-2026.jpg'
[2026-10-05T20:32:25.775Z] !! canon-eos-r50-vs-sony-a6100-which-better-malaysia.jpg: UNKNOWN: unknown error, open 'C:\Users\User\Desktop\n\gearup-my\public\blog\canon-eos-r50-vs-sony-a6100-which-better-malaysia.jpg'
[2026-10-05T20:32:26.056Z] !! cara-buat-portfolio-fotografi-malaysia.jpg: UNKNOWN: unknown error, open 'C:\Users\User\Desktop\n\gearup-my\public\blog\cara-buat-portfolio-fotografi-malaysia.jpg'
[2026-10-05T20:32:26.227Z] !! cara-jadi-content-creator-tanpa-modal-malaysia.jpg: UNKNOWN: unknown error, open 'C:\Users\User\Desktop\n\gearup-my\public\blog\cara-jadi-content-creator-tanpa-modal-malaysia.jpg'
[2026-10-05T20:32:26.496Z] !! cara-mula-photography-dengan-rm500.jpg: UNKNOWN: unknown error, open 'C:\Users\User\Desktop\n\gearup-my\public\blog\cara-mula-photography-dengan-rm500.jpg'
[2026-10-05T20:32:26.757Z] !! cctv-installer-gig-side-hustle-malaysia.jpg: UNKNOWN: unknown error, open 'C:\Users\User\Desktop\n\gearup-my\public\blog\cctv-installer-gig-side-hustle-malaysia.jpg'
[2026-10-05T20:32:27.089Z] !! cctv-keselamatan-pekerja-sistem-ai-kilang-malaysia.jpg: UNKNOWN: unknown error, open 'C:\Users\User\Desktop\n\gearup-my\public\blog\cctv-keselamatan-pekerja-sistem-ai-kilang-malaysia.jpg'
[2026-10-05T20:32:27.459Z] !! cctv-pantau-ibu-bapa-lansia-malaysia.jpg: UNKNOWN: unknown error, open 'C:\Users\User\Desktop\n\gearup-my\public\blog\cctv-pantau-ibu-bapa-lansia-malaysia.jpg'
[2026-10-05T20:32:27.669Z] !! content-calendar-malaysia-creators.jpg: UNKNOWN: unknown error, open 'C:\Users\User\Desktop\n\gearup-my\public\blog\content-calendar-malaysia-creators.jpg'
[2026-10-05T20:32:27.940Z] !! content-creator-gear-roi-malaysia-calculator.jpg: UNKNOWN: unknown error, open 'C:\Users\User\Desktop\n\gearup-my\public\blog\content-creator-gear-roi-malaysia-calculator.jpg'
[2026-10-05T20:32:28.038Z] !! dji-mini-3-pro-vs-mini-4-pro-malaysia.jpg: UNKNOWN: unknown error, open 'C:\Users\User\Desktop\n\gearup-my\public\blog\dji-mini-3-pro-vs-mini-4-pro-malaysia.jpg'
[2026-10-05T20:32:28.173Z] !! dji-vs-instax360-malaysia.jpg: UNKNOWN: unknown error, open 'C:\Users\User\Desktop\n\gearup-my\public\blog\dji-vs-instax360-malaysia.jpg'
[2026-10-05T20:32:28.426Z] !! drone-license-registration-malaysia-2026.jpg: UNKNOWN: unknown error, open 'C:\Users\User\Desktop\n\gearup-my\public\blog\drone-license-registration-malaysia-2026.jpg'
[2026-10-05T20:32:28.761Z] !! food-content-creation-gig-malaysia.jpg: UNKNOWN: unknown error, open 'C:\Users\User\Desktop\n\gearup-my\public\blog\food-content-creation-gig-malaysia.jpg'
[2026-10-05T20:32:28.892Z] !! full-frame-vs-crop-sensor-malaysia.jpg: UNKNOWN: unknown error, open 'C:\Users\User\Desktop\n\gearup-my\public\blog\full-frame-vs-crop-sensor-malaysia.jpg'
[2026-10-05T20:32:29.166Z] !! gig-fotografi-dron-hartanah-malaysia.jpg: UNKNOWN: unknown error, open 'C:\Users\User\Desktop\n\gearup-my\public\blog\gig-fotografi-dron-hartanah-malaysia.jpg'
[2026-10-05T20:32:29.357Z] !! gig-fotografi-makanan-malaysia.jpg: UNKNOWN: unknown error, open 'C:\Users\User\Desktop\n\gearup-my\public\blog\gig-fotografi-makanan-malaysia.jpg'
[2026-10-05T20:32:29.759Z] !! gig-fotografi-potret-sambilan-malaysia.jpg: UNKNOWN: unknown error, open 'C:\Users\User\Desktop\n\gearup-my\public\blog\gig-fotografi-potret-sambilan-malaysia.jpg'
[2026-10-05T20:32:30.055Z] !! gig-fotografi-produk-shopee-lazada-malaysia.jpg: UNKNOWN: unknown error, open 'C:\Users\User\Desktop\n\gearup-my\public\blog\gig-fotografi-produk-shopee-lazada-malaysia.jpg'
[2026-10-05T20:32:30.290Z] !! gig-video-perniagaan-kecil-malaysia.jpg: UNKNOWN: unknown error, open 'C:\Users\User\Desktop\n\gearup-my\public\blog\gig-video-perniagaan-kecil-malaysia.jpg'
[2026-10-05T20:32:30.555Z] !! harga-sony-camera-malaysia.jpg: UNKNOWN: unknown error, open 'C:\Users\User\Desktop\n\gearup-my\public\blog\harga-sony-camera-malaysia.jpg'
[2026-10-05T20:32:31.045Z] !! hikvision-8-camera-nvr-factory-malaysia.jpg: UNKNOWN: unknown error, open 'C:\Users\User\Desktop\n\gearup-my\public\blog\hikvision-8-camera-nvr-factory-malaysia.jpg'
[2026-10-05T20:32:31.239Z] !! insta360-ace-pro-2-review-malaysia.jpg: UNKNOWN: unknown error, open 'C:\Users\User\Desktop\n\gearup-my\public\blog\insta360-ace-pro-2-review-malaysia.jpg'
[2026-10-05T20:32:31.570Z] !! insta360-luna-vs-dslr-photography-malaysia.jpg: UNKNOWN: unknown error, open 'C:\Users\User\Desktop\n\gearup-my\public\blog\insta360-luna-vs-dslr-photography-malaysia.jpg'
[2026-10-05T20:32:31.661Z] !! insta360-vs-gopro-which-buy-malaysia-2026.jpg: UNKNOWN: unknown error, open 'C:\Users\User\Desktop\n\gearup-my\public\blog\insta360-vs-gopro-which-buy-malaysia-2026.jpg'
[2026-10-05T20:32:32.017Z] !! insta360-x4-review-malaysia.jpg: UNKNOWN: unknown error, open 'C:\Users\User\Desktop\n\gearup-my\public\blog\insta360-x4-review-malaysia.jpg'
[2026-10-05T20:32:32.346Z] !! iphone-15-content-creation-malaysia.jpg: UNKNOWN: unknown error, open 'C:\Users\User\Desktop\n\gearup-my\public\blog\iphone-15-content-creation-malaysia.jpg'
[2026-10-05T20:32:32.655Z] !! iphone-16-pro-content-creation-malaysia.jpg: UNKNOWN: unknown error, open 'C:\Users\User\Desktop\n\gearup-my\public\blog\iphone-16-pro-content-creation-malaysia.jpg'
[2026-10-05T20:32:32.851Z] !! iphone-17-pro-content-creation-malaysia.jpg: UNKNOWN: unknown error, open 'C:\Users\User\Desktop\n\gearup-my\public\blog\iphone-17-pro-content-creation-malaysia.jpg'
[2026-10-05T20:32:33.000Z] !! iphone-17-pro-vs-mirrorless-malaysia-2026.jpg: UNKNOWN: unknown error, open 'C:\Users\User\Desktop\n\gearup-my\public\blog\iphone-17-pro-vs-mirrorless-malaysia-2026.jpg'
[2026-10-05T20:32:33.363Z] !! iphone-vs-mirrorless-camera-content-creation-malaysia.jpg: UNKNOWN: unknown error, open 'C:\Users\User\Desktop\n\gearup-my\public\blog\iphone-vs-mirrorless-camera-content-creation-malaysia.jpg'
[2026-10-05T20:32:33.670Z] !! japan-camera-market.jpg: UNKNOWN: unknown error, open 'C:\Users\User\Desktop\n\gearup-my\public\blog\japan-camera-market.jpg'
[2026-10-05T20:32:33.791Z] !! kamera-bawah-rm2000-malaysia.jpg: UNKNOWN: unknown error, open 'C:\Users\User\Desktop\n\gearup-my\public\blog\kamera-bawah-rm2000-malaysia.jpg'
[2026-10-05T20:32:33.936Z] !! kamera-murah-bawah-rm1000.jpg: UNKNOWN: unknown error, open 'C:\Users\User\Desktop\n\gearup-my\public\blog\kamera-murah-bawah-rm1000.jpg'
[2026-10-05T20:32:34.133Z] !! kamera-untuk-photography-malaysia.jpg: UNKNOWN: unknown error, open 'C:\Users\User\Desktop\n\gearup-my\public\blog\kamera-untuk-photography-malaysia.jpg'
[2026-10-05T20:32:34.449Z] !! konten-bisnes-kecil-retainer-content-creator-malaysia.jpg: UNKNOWN: unknown error, open 'C:\Users\User\Desktop\n\gearup-my\public\blog\konten-bisnes-kecil-retainer-content-creator-malaysia.jpg'
[2026-10-05T20:32:34.617Z] !! mic-terbaik-tiktok-live-malaysia.jpg: UNKNOWN: unknown error, open 'C:\Users\User\Desktop\n\gearup-my\public\blog\mic-terbaik-tiktok-live-malaysia.jpg'
[2026-10-05T20:32:34.767Z] !! mirrorless-vs-dslr-malaysia.jpg: UNKNOWN: unknown error, open 'C:\Users\User\Desktop\n\gearup-my\public\blog\mirrorless-vs-dslr-malaysia.jpg'
[2026-10-05T20:32:34.969Z] !! nikon-d3100-vs-sony-a6100-which-better-malaysia.jpg: UNKNOWN: unknown error, open 'C:\Users\User\Desktop\n\gearup-my\public\blog\nikon-d3100-vs-sony-a6100-which-better-malaysia.jpg'
[2026-10-05T20:32:35.159Z] !! nikon-d500-reality-check-2026.jpg: UNKNOWN: unknown error, open 'C:\Users\User\Desktop\n\gearup-my\public\blog\nikon-d500-reality-check-2026.jpg'
[2026-10-05T20:32:35.420Z] !! nikon-d7200-review-malaysia.jpg: UNKNOWN: unknown error, open 'C:\Users\User\Desktop\n\gearup-my\public\blog\nikon-d7200-review-malaysia.jpg'
[2026-10-05T20:32:35.641Z] !! nikon-z50-ii-review-malaysia.jpg: UNKNOWN: unknown error, open 'C:\Users\User\Desktop\n\gearup-my\public\blog\nikon-z50-ii-review-malaysia.jpg'
[2026-10-05T20:32:35.854Z] !! old-dslr-era-60d-d3100-gig-payoff-malaysia.jpg: UNKNOWN: unknown error, open 'C:\Users\User\Desktop\n\gearup-my\public\blog\old-dslr-era-60d-d3100-gig-payoff-malaysia.jpg'
[2026-10-05T20:32:36.168Z] !! osmo-action-6-pro-vs-gopro-hero-14-malaysia.jpg: UNKNOWN: unknown error, open 'C:\Users\User\Desktop\n\gearup-my\public\blog\osmo-action-6-pro-vs-gopro-hero-14-malaysia.jpg'
[2026-10-05T20:32:36.324Z] !! panasonic-lumix-s9-review-malaysia.jpg: UNKNOWN: unknown error, open 'C:\Users\User\Desktop\n\gearup-my\public\blog\panasonic-lumix-s9-review-malaysia.jpg'
[2026-10-05T20:32:36.678Z] !! panduan-harga-gig-fotografi-malaysia-2026.jpg: UNKNOWN: unknown error, open 'C:\Users\User\Desktop\n\gearup-my\public\blog\panduan-harga-gig-fotografi-malaysia-2026.jpg'
[2026-10-05T20:32:36.960Z] !! philippines-vlogging-gear.jpg: UNKNOWN: unknown error, open 'C:\Users\User\Desktop\n\gearup-my\public\blog\philippines-vlogging-gear.jpg'
[2026-10-05T20:32:37.087Z] !! photography-vs-video-camera-malaysia-beginners.jpg: UNKNOWN: unknown error, open 'C:\Users\User\Desktop\n\gearup-my\public\blog\photography-vs-video-camera-malaysia-beginners.jpg'
[2026-10-05T20:32:37.260Z] !! product-photography-ecommerce-gig-malaysia.jpg: UNKNOWN: unknown error, open 'C:\Users\User\Desktop\n\gearup-my\public\blog\product-photography-ecommerce-gig-malaysia.jpg'
[2026-10-05T20:32:37.782Z] !! real-estate-media-gig-malaysia.jpg: UNKNOWN: unknown error, open 'C:\Users\User\Desktop\n\gearup-my\public\blog\real-estate-media-gig-malaysia.jpg'
[2026-10-05T20:32:38.094Z] !! samsung-galaxy-s25-ultra-review-malaysia.jpg: UNKNOWN: unknown error, open 'C:\Users\User\Desktop\n\gearup-my\public\blog\samsung-galaxy-s25-ultra-review-malaysia.jpg'
[2026-10-05T20:32:38.620Z] !! second-hand-camera-buying-guide.jpg: UNKNOWN: unknown error, open 'C:\Users\User\Desktop\n\gearup-my\public\blog\second-hand-camera-buying-guide.jpg'
[2026-10-05T20:32:39.115Z] !! second-hand-camera-scams-malaysia.jpg: UNKNOWN: unknown error, open 'C:\Users\User\Desktop\n\gearup-my\public\blog\second-hand-camera-scams-malaysia.jpg'
[2026-10-05T20:32:39.285Z] !! side-income-umur-40-plus-fotografi-malaysia.jpg: UNKNOWN: unknown error, open 'C:\Users\User\Desktop\n\gearup-my\public\blog\side-income-umur-40-plus-fotografi-malaysia.jpg'
[2026-10-05T20:32:39.450Z] !! singapore-camera-rental-creator-gear.jpg: UNKNOWN: unknown error, open 'C:\Users\User\Desktop\n\gearup-my\public\blog\singapore-camera-rental-creator-gear.jpg'
[2026-10-05T20:32:39.768Z] !! sony-a6000-review-malaysia-second-hand.jpg: UNKNOWN: unknown error, open 'C:\Users\User\Desktop\n\gearup-my\public\blog\sony-a6000-review-malaysia-second-hand.jpg'
[2026-10-05T20:32:40.012Z] !! sony-a6700-review-malaysia.jpg: UNKNOWN: unknown error, open 'C:\Users\User\Desktop\n\gearup-my\public\blog\sony-a6700-review-malaysia.jpg'
[2026-10-05T20:32:40.280Z] !! sony-a7c-ii-review-malaysia.jpg: UNKNOWN: unknown error, open 'C:\Users\User\Desktop\n\gearup-my\public\blog\sony-a7c-ii-review-malaysia.jpg'
[2026-10-05T20:32:40.598Z] !! sony-zv-e10-review-malaysia-second-hand.jpg: UNKNOWN: unknown error, open 'C:\Users\User\Desktop\n\gearup-my\public\blog\sony-zv-e10-review-malaysia-second-hand.jpg'
[2026-10-05T20:32:40.943Z] !! south-korea-creator-gear.jpg: UNKNOWN: unknown error, open 'C:\Users\User\Desktop\n\gearup-my\public\blog\south-korea-creator-gear.jpg'
[2026-10-05T20:32:41.342Z] !! taiwan-camera-market.jpg: UNKNOWN: unknown error, open 'C:\Users\User\Desktop\n\gearup-my\public\blog\taiwan-camera-market.jpg'
[2026-10-05T20:32:41.480Z] !! tamron-17-50mm-vc-review-malaysia.jpg: UNKNOWN: unknown error, open 'C:\Users\User\Desktop\n\gearup-my\public\blog\tamron-17-50mm-vc-review-malaysia.jpg'
[2026-10-05T20:32:41.863Z] !! tapo-4-camera-wifi-retail-shop-malaysia.jpg: UNKNOWN: unknown error, open 'C:\Users\User\Desktop\n\gearup-my\public\blog\tapo-4-camera-wifi-retail-shop-malaysia.jpg'
[2026-10-05T20:32:42.151Z] !! tapo-c210-vs-c220-malaysia.jpg: UNKNOWN: unknown error, open 'C:\Users\User\Desktop\n\gearup-my\public\blog\tapo-c210-vs-c220-malaysia.jpg'
[2026-10-05T20:32:42.523Z] !! thailand-camera-gear.jpg: UNKNOWN: unknown error, open 'C:\Users\User\Desktop\n\gearup-my\public\blog\thailand-camera-gear.jpg'
[2026-10-05T20:32:42.704Z] !! tiktok-reels-shorts-strategy-malaysia-2026.jpg: UNKNOWN: unknown error, open 'C:\Users\User\Desktop\n\gearup-my\public\blog\tiktok-reels-shorts-strategy-malaysia-2026.jpg'
[2026-10-05T20:32:42.991Z] !! turning-50-panic-plan-content-side-hustle-malaysia.jpg: UNKNOWN: unknown error, open 'C:\Users\User\Desktop\n\gearup-my\public\blog\turning-50-panic-plan-content-side-hustle-malaysia.jpg'
[2026-10-05T20:32:43.111Z] !! turning-50-second-act-gig-guide-malaysia.jpg: UNKNOWN: unknown error, open 'C:\Users\User\Desktop\n\gearup-my\public\blog\turning-50-second-act-gig-guide-malaysia.jpg'
[2026-10-05T20:32:43.291Z] !! video-stabilization-ibis-gimbal-tripod-malaysia.jpg: UNKNOWN: unknown error, open 'C:\Users\User\Desktop\n\gearup-my\public\blog\video-stabilization-ibis-gimbal-tripod-malaysia.jpg'
[2026-10-05T20:32:43.499Z] !! wedding-photography-side-hustle-malaysia.jpg: UNKNOWN: unknown error, open 'C:\Users\User\Desktop\n\gearup-my\public\blog\wedding-photography-side-hustle-malaysia.jpg'
[2026-10-05T20:32:43.672Z] !! xiaomi-14-ultra-review-malaysia.jpg: UNKNOWN: unknown error, open 'C:\Users\User\Desktop\n\gearup-my\public\blog\xiaomi-14-ultra-review-malaysia.jpg'
[2026-10-05T20:32:43.982Z] !! xiaomi-15-ultra-review-malaysia.jpg: UNKNOWN: unknown error, open 'C:\Users\User\Desktop\n\gearup-my\public\blog\xiaomi-15-ultra-review-malaysia.jpg'
[2026-10-05T20:32:43.983Z] round 6: 86 file(s) locked by system - retrying in 5s
[2026-10-05T20:32:48.998Z] done: 248 files, re-encoded 0, unchanged 162, GAVE UP on 86 (locked): age-50-vs-age-25-content-creator-malaysia.jpg, beli-kamera-kredit-vs-simpan-malaysia.jpg, berapa-gig-untuk-bayar-camera.jpg, best-budget-lapel-microphone-malaysia-audio-guide.jpg, best-camera-beginners-malaysia-2026.jpg, best-camera-content-creator-malaysia.jpg, best-drone-malaysia-2026.jpg, best-first-lens-malaysia.jpg, best-tripod-phone-camera-malaysia-guide.jpg, best-vlogging-camera-malaysia-2026.jpg, buat-video-guna-handphone-cabaran-30-hari.jpg, camera-price-guide-malaysia-2026.jpg, camera-roi-calculator-malaysia.jpg, camera-sd-card-speed-guide-malaysia.jpg, camera-under-2000-malaysia-2026.jpg, canon-eos-r50-vs-sony-a6100-which-better-malaysia.jpg, cara-buat-portfolio-fotografi-malaysia.jpg, cara-jadi-content-creator-tanpa-modal-malaysia.jpg, cara-mula-photography-dengan-rm500.jpg, cctv-installer-gig-side-hustle-malaysia.jpg, cctv-keselamatan-pekerja-sistem-ai-kilang-malaysia.jpg, cctv-pantau-ibu-bapa-lansia-malaysia.jpg, content-calendar-malaysia-creators.jpg, content-creator-gear-roi-malaysia-calculator.jpg, dji-mini-3-pro-vs-mini-4-pro-malaysia.jpg, dji-vs-instax360-malaysia.jpg, drone-license-registration-malaysia-2026.jpg, food-content-creation-gig-malaysia.jpg, full-frame-vs-crop-sensor-malaysia.jpg, gig-fotografi-dron-hartanah-malaysia.jpg, gig-fotografi-makanan-malaysia.jpg, gig-fotografi-potret-sambilan-malaysia.jpg, gig-fotografi-produk-shopee-lazada-malaysia.jpg, gig-video-perniagaan-kecil-malaysia.jpg, harga-sony-camera-malaysia.jpg, hikvision-8-camera-nvr-factory-malaysia.jpg, insta360-ace-pro-2-review-malaysia.jpg, insta360-luna-vs-dslr-photography-malaysia.jpg, insta360-vs-gopro-which-buy-malaysia-2026.jpg, insta360-x4-review-malaysia.jpg, iphone-15-content-creation-malaysia.jpg, iphone-16-pro-content-creation-malaysia.jpg, iphone-17-pro-content-creation-malaysia.jpg, iphone-17-pro-vs-mirrorless-malaysia-2026.jpg, iphone-vs-mirrorless-camera-content-creation-malaysia.jpg, japan-camera-market.jpg, kamera-bawah-rm2000-malaysia.jpg, kamera-murah-bawah-rm1000.jpg, kamera-untuk-photography-malaysia.jpg, konten-bisnes-kecil-retainer-content-creator-malaysia.jpg, mic-terbaik-tiktok-live-malaysia.jpg, mirrorless-vs-dslr-malaysia.jpg, nikon-d3100-vs-sony-a6100-which-better-malaysia.jpg, nikon-d500-reality-check-2026.jpg, nikon-d7200-review-malaysia.jpg, nikon-z50-ii-review-malaysia.jpg, old-dslr-era-60d-d3100-gig-payoff-malaysia.jpg, osmo-action-6-pro-vs-gopro-hero-14-malaysia.jpg, panasonic-lumix-s9-review-malaysia.jpg, panduan-harga-gig-fotografi-malaysia-2026.jpg, philippines-vlogging-gear.jpg, photography-vs-video-camera-malaysia-beginners.jpg, product-photography-ecommerce-gig-malaysia.jpg, real-estate-media-gig-malaysia.jpg, samsung-galaxy-s25-ultra-review-malaysia.jpg, second-hand-camera-buying-guide.jpg, second-hand-camera-scams-malaysia.jpg, side-income-umur-40-plus-fotografi-malaysia.jpg, singapore-camera-rental-creator-gear.jpg, sony-a6000-review-malaysia-second-hand.jpg, sony-a6700-review-malaysia.jpg, sony-a7c-ii-review-malaysia.jpg, sony-zv-e10-review-malaysia-second-hand.jpg, south-korea-creator-gear.jpg, taiwan-camera-market.jpg, tamron-17-50mm-vc-review-malaysia.jpg, tapo-4-camera-wifi-retail-shop-malaysia.jpg, tapo-c210-vs-c220-malaysia.jpg, thailand-camera-gear.jpg, tiktok-reels-shorts-strategy-malaysia-2026.jpg, turning-50-panic-plan-content-side-hustle-malaysia.jpg, turning-50-second-act-gig-guide-malaysia.jpg, video-stabilization-ibis-gimbal-tripod-malaysia.jpg, wedding-photography-side-hustle-malaysia.jpg, xiaomi-14-ultra-review-malaysia.jpg, xiaomi-15-ultra-review-malaysia.jpg
[2026-10-05T20:34:06.708Z] note (non-jpg, left as-is): cctv-ai-facial-recognition-sistem-keselamatan-kilang-malaysia.png 1920x1689
[2026-10-05T20:34:13.300Z] note (non-jpg, left as-is): insta360-x5-review-malaysia.webp 1920x2882
[2026-10-05T20:34:25.469Z] round 1: 86 file(s) locked by system - retrying in 5s
[2026-10-05T20:34:52.229Z] round 2: 86 file(s) locked by system - retrying in 5s
[2026-10-05T20:35:18.941Z] round 3: 86 file(s) locked by system - retrying in 5s
[2026-10-05T20:35:45.624Z] round 4: 86 file(s) locked by system - retrying in 5s
[2026-10-05T20:36:12.533Z] round 5: 86 file(s) locked by system - retrying in 5s
[2026-10-05T20:36:17.813Z] !! age-50-vs-age-25-content-creator-malaysia.jpg: UNKNOWN: unknown error, open 'C:\Users\User\Desktop\n\gearup-my\public\blog\age-50-vs-age-25-content-creator-malaysia.jpg'
[2026-10-05T20:36:56.042Z] note (non-jpg, left as-is): cctv-ai-facial-recognition-sistem-keselamatan-kilang-malaysia.png 1920x1689
[2026-10-05T20:37:02.107Z] note (non-jpg, left as-is): insta360-x5-review-malaysia.webp 1920x2882
[2026-10-05T20:37:13.506Z] round 1: 86 file(s) locked by system - retrying in 5s
[2026-10-05T20:37:38.729Z] round 2: 86 file(s) locked by system - retrying in 5s
[2026-10-05T20:38:04.101Z] round 3: 86 file(s) locked by system - retrying in 5s
[2026-10-05T20:38:29.727Z] round 4: 86 file(s) locked by system - retrying in 5s
[2026-10-05T20:38:59.178Z] round 5: 86 file(s) locked by system - retrying in 5s
[2026-10-05T20:39:04.465Z] !! age-50-vs-age-25-content-creator-malaysia.jpg [nofase]: UNKNOWN: unknown error, open 'C:\Users\User\Desktop\n\gearup-my\public\blog\age-50-vs-age-25-content-creator-malaysia.jpg'
[2026-10-05T20:39:05.076Z] !! beli-kamera-kredit-vs-simpan-malaysia.jpg [nofase]: UNKNOWN: unknown error, open 'C:\Users\User\Desktop\n\gearup-my\public\blog\beli-kamera-kredit-vs-simpan-malaysia.jpg'
[2026-10-05T20:39:05.239Z] !! berapa-gig-untuk-bayar-camera.jpg [nofase]: UNKNOWN: unknown error, open 'C:\Users\User\Desktop\n\gearup-my\public\blog\berapa-gig-untuk-bayar-camera.jpg'
[2026-10-05T20:39:05.444Z] !! best-budget-lapel-microphone-malaysia-audio-guide.jpg [nofase]: UNKNOWN: unknown error, open 'C:\Users\User\Desktop\n\gearup-my\public\blog\best-budget-lapel-microphone-malaysia-audio-guide.jpg'
[2026-10-05T20:39:05.645Z] !! best-camera-beginners-malaysia-2026.jpg [nofase]: UNKNOWN: unknown error, open 'C:\Users\User\Desktop\n\gearup-my\public\blog\best-camera-beginners-malaysia-2026.jpg'
[2026-10-05T20:39:05.892Z] !! best-camera-content-creator-malaysia.jpg [nofase]: UNKNOWN: unknown error, open 'C:\Users\User\Desktop\n\gearup-my\public\blog\best-camera-content-creator-malaysia.jpg'
[2026-10-05T20:39:06.128Z] !! best-drone-malaysia-2026.jpg [nofase]: UNKNOWN: unknown error, open 'C:\Users\User\Desktop\n\gearup-my\public\blog\best-drone-malaysia-2026.jpg'
[2026-10-05T20:39:06.298Z] !! best-first-lens-malaysia.jpg [nofase]: UNKNOWN: unknown error, open 'C:\Users\User\Desktop\n\gearup-my\public\blog\best-first-lens-malaysia.jpg'
[2026-10-05T20:39:06.726Z] !! best-tripod-phone-camera-malaysia-guide.jpg [nofase]: UNKNOWN: unknown error, open 'C:\Users\User\Desktop\n\gearup-my\public\blog\best-tripod-phone-camera-malaysia-guide.jpg'
[2026-10-05T20:39:06.937Z] !! best-vlogging-camera-malaysia-2026.jpg [nofase]: UNKNOWN: unknown error, open 'C:\Users\User\Desktop\n\gearup-my\public\blog\best-vlogging-camera-malaysia-2026.jpg'
[2026-10-05T20:39:07.376Z] !! buat-video-guna-handphone-cabaran-30-hari.jpg [nofase]: UNKNOWN: unknown error, open 'C:\Users\User\Desktop\n\gearup-my\public\blog\buat-video-guna-handphone-cabaran-30-hari.jpg'
[2026-10-05T20:39:07.617Z] !! camera-price-guide-malaysia-2026.jpg [nofase]: UNKNOWN: unknown error, open 'C:\Users\User\Desktop\n\gearup-my\public\blog\camera-price-guide-malaysia-2026.jpg'
[2026-10-05T20:39:07.820Z] !! camera-roi-calculator-malaysia.jpg [nofase]: UNKNOWN: unknown error, open 'C:\Users\User\Desktop\n\gearup-my\public\blog\camera-roi-calculator-malaysia.jpg'
[2026-10-05T20:39:08.293Z] !! camera-sd-card-speed-guide-malaysia.jpg [nofase]: UNKNOWN: unknown error, open 'C:\Users\User\Desktop\n\gearup-my\public\blog\camera-sd-card-speed-guide-malaysia.jpg'
[2026-10-05T20:39:08.455Z] !! camera-under-2000-malaysia-2026.jpg [nofase]: UNKNOWN: unknown error, open 'C:\Users\User\Desktop\n\gearup-my\public\blog\camera-under-2000-malaysia-2026.jpg'
[2026-10-05T20:39:08.585Z] !! canon-eos-r50-vs-sony-a6100-which-better-malaysia.jpg [nofase]: UNKNOWN: unknown error, open 'C:\Users\User\Desktop\n\gearup-my\public\blog\canon-eos-r50-vs-sony-a6100-which-better-malaysia.jpg'
[2026-10-05T20:39:08.877Z] !! cara-buat-portfolio-fotografi-malaysia.jpg [nofase]: UNKNOWN: unknown error, open 'C:\Users\User\Desktop\n\gearup-my\public\blog\cara-buat-portfolio-fotografi-malaysia.jpg'
[2026-10-05T20:39:09.050Z] !! cara-jadi-content-creator-tanpa-modal-malaysia.jpg [nofase]: UNKNOWN: unknown error, open 'C:\Users\User\Desktop\n\gearup-my\public\blog\cara-jadi-content-creator-tanpa-modal-malaysia.jpg'
[2026-10-05T20:39:09.306Z] !! cara-mula-photography-dengan-rm500.jpg [nofase]: UNKNOWN: unknown error, open 'C:\Users\User\Desktop\n\gearup-my\public\blog\cara-mula-photography-dengan-rm500.jpg'
[2026-10-05T20:39:09.570Z] !! cctv-installer-gig-side-hustle-malaysia.jpg [nofase]: UNKNOWN: unknown error, open 'C:\Users\User\Desktop\n\gearup-my\public\blog\cctv-installer-gig-side-hustle-malaysia.jpg'
[2026-10-05T20:39:09.925Z] !! cctv-keselamatan-pekerja-sistem-ai-kilang-malaysia.jpg [nofase]: UNKNOWN: unknown error, open 'C:\Users\User\Desktop\n\gearup-my\public\blog\cctv-keselamatan-pekerja-sistem-ai-kilang-malaysia.jpg'
[2026-10-05T20:39:10.345Z] !! cctv-pantau-ibu-bapa-lansia-malaysia.jpg [nofase]: UNKNOWN: unknown error, open 'C:\Users\User\Desktop\n\gearup-my\public\blog\cctv-pantau-ibu-bapa-lansia-malaysia.jpg'
[2026-10-05T20:39:10.585Z] !! content-calendar-malaysia-creators.jpg [nofase]: UNKNOWN: unknown error, open 'C:\Users\User\Desktop\n\gearup-my\public\blog\content-calendar-malaysia-creators.jpg'
[2026-10-05T20:39:10.878Z] !! content-creator-gear-roi-malaysia-calculator.jpg [nofase]: UNKNOWN: unknown error, open 'C:\Users\User\Desktop\n\gearup-my\public\blog\content-creator-gear-roi-malaysia-calculator.jpg'
[2026-10-05T20:39:10.993Z] !! dji-mini-3-pro-vs-mini-4-pro-malaysia.jpg [nofase]: UNKNOWN: unknown error, open 'C:\Users\User\Desktop\n\gearup-my\public\blog\dji-mini-3-pro-vs-mini-4-pro-malaysia.jpg'
[2026-10-05T20:39:11.143Z] !! dji-vs-instax360-malaysia.jpg [nofase]: UNKNOWN: unknown error, open 'C:\Users\User\Desktop\n\gearup-my\public\blog\dji-vs-instax360-malaysia.jpg'
[2026-10-05T20:39:11.434Z] !! drone-license-registration-malaysia-2026.jpg [nofase]: UNKNOWN: unknown error, open 'C:\Users\User\Desktop\n\gearup-my\public\blog\drone-license-registration-malaysia-2026.jpg'
[2026-10-05T20:39:11.810Z] !! food-content-creation-gig-malaysia.jpg [nofase]: UNKNOWN: unknown error, open 'C:\Users\User\Desktop\n\gearup-my\public\blog\food-content-creation-gig-malaysia.jpg'
[2026-10-05T20:39:11.962Z] !! full-frame-vs-crop-sensor-malaysia.jpg [nofase]: UNKNOWN: unknown error, open 'C:\Users\User\Desktop\n\gearup-my\public\blog\full-frame-vs-crop-sensor-malaysia.jpg'
[2026-10-05T20:39:12.267Z] !! gig-fotografi-dron-hartanah-malaysia.jpg [nofase]: UNKNOWN: unknown error, open 'C:\Users\User\Desktop\n\gearup-my\public\blog\gig-fotografi-dron-hartanah-malaysia.jpg'
[2026-10-05T20:39:12.480Z] !! gig-fotografi-makanan-malaysia.jpg [nofase]: UNKNOWN: unknown error, open 'C:\Users\User\Desktop\n\gearup-my\public\blog\gig-fotografi-makanan-malaysia.jpg'
[2026-10-05T20:39:12.894Z] !! gig-fotografi-potret-sambilan-malaysia.jpg [nofase]: UNKNOWN: unknown error, open 'C:\Users\User\Desktop\n\gearup-my\public\blog\gig-fotografi-potret-sambilan-malaysia.jpg'
[2026-10-05T20:39:13.217Z] !! gig-fotografi-produk-shopee-lazada-malaysia.jpg [nofase]: UNKNOWN: unknown error, open 'C:\Users\User\Desktop\n\gearup-my\public\blog\gig-fotografi-produk-shopee-lazada-malaysia.jpg'
[2026-10-05T20:39:13.470Z] !! gig-video-perniagaan-kecil-malaysia.jpg [nofase]: UNKNOWN: unknown error, open 'C:\Users\User\Desktop\n\gearup-my\public\blog\gig-video-perniagaan-kecil-malaysia.jpg'
[2026-10-05T20:39:13.768Z] !! harga-sony-camera-malaysia.jpg [nofase]: UNKNOWN: unknown error, open 'C:\Users\User\Desktop\n\gearup-my\public\blog\harga-sony-camera-malaysia.jpg'
[2026-10-05T20:39:14.329Z] !! hikvision-8-camera-nvr-factory-malaysia.jpg [nofase]: UNKNOWN: unknown error, open 'C:\Users\User\Desktop\n\gearup-my\public\blog\hikvision-8-camera-nvr-factory-malaysia.jpg'
[2026-10-05T20:39:14.553Z] !! insta360-ace-pro-2-review-malaysia.jpg [nofase]: UNKNOWN: unknown error, open 'C:\Users\User\Desktop\n\gearup-my\public\blog\insta360-ace-pro-2-review-malaysia.jpg'
[2026-10-05T20:39:14.910Z] !! insta360-luna-vs-dslr-photography-malaysia.jpg [nofase]: UNKNOWN: unknown error, open 'C:\Users\User\Desktop\n\gearup-my\public\blog\insta360-luna-vs-dslr-photography-malaysia.jpg'
[2026-10-05T20:39:15.011Z] !! insta360-vs-gopro-which-buy-malaysia-2026.jpg [nofase]: UNKNOWN: unknown error, open 'C:\Users\User\Desktop\n\gearup-my\public\blog\insta360-vs-gopro-which-buy-malaysia-2026.jpg'
[2026-10-05T20:39:15.405Z] !! insta360-x4-review-malaysia.jpg [nofase]: UNKNOWN: unknown error, open 'C:\Users\User\Desktop\n\gearup-my\public\blog\insta360-x4-review-malaysia.jpg'
[2026-10-05T20:39:15.748Z] !! iphone-15-content-creation-malaysia.jpg [nofase]: UNKNOWN: unknown error, open 'C:\Users\User\Desktop\n\gearup-my\public\blog\iphone-15-content-creation-malaysia.jpg'
[2026-10-05T20:39:16.112Z] !! iphone-16-pro-content-creation-malaysia.jpg [nofase]: UNKNOWN: unknown error, open 'C:\Users\User\Desktop\n\gearup-my\public\blog\iphone-16-pro-content-creation-malaysia.jpg'
[2026-10-05T20:39:16.334Z] !! iphone-17-pro-content-creation-malaysia.jpg [nofase]: UNKNOWN: unknown error, open 'C:\Users\User\Desktop\n\gearup-my\public\blog\iphone-17-pro-content-creation-malaysia.jpg'
[2026-10-05T20:39:16.501Z] !! iphone-17-pro-vs-mirrorless-malaysia-2026.jpg [nofase]: UNKNOWN: unknown error, open 'C:\Users\User\Desktop\n\gearup-my\public\blog\iphone-17-pro-vs-mirrorless-malaysia-2026.jpg'
[2026-10-05T20:39:16.909Z] !! iphone-vs-mirrorless-camera-content-creation-malaysia.jpg [nofase]: UNKNOWN: unknown error, open 'C:\Users\User\Desktop\n\gearup-my\public\blog\iphone-vs-mirrorless-camera-content-creation-malaysia.jpg'
[2026-10-05T20:39:17.238Z] !! japan-camera-market.jpg [nofase]: UNKNOWN: unknown error, open 'C:\Users\User\Desktop\n\gearup-my\public\blog\japan-camera-market.jpg'
[2026-10-05T20:39:17.362Z] !! kamera-bawah-rm2000-malaysia.jpg [nofase]: UNKNOWN: unknown error, open 'C:\Users\User\Desktop\n\gearup-my\public\blog\kamera-bawah-rm2000-malaysia.jpg'
[2026-10-05T20:39:17.520Z] !! kamera-murah-bawah-rm1000.jpg [nofase]: UNKNOWN: unknown error, open 'C:\Users\User\Desktop\n\gearup-my\public\blog\kamera-murah-bawah-rm1000.jpg'
[2026-10-05T20:39:17.745Z] !! kamera-untuk-photography-malaysia.jpg [nofase]: UNKNOWN: unknown error, open 'C:\Users\User\Desktop\n\gearup-my\public\blog\kamera-untuk-photography-malaysia.jpg'
[2026-10-05T20:39:18.071Z] !! konten-bisnes-kecil-retainer-content-creator-malaysia.jpg [nofase]: UNKNOWN: unknown error, open 'C:\Users\User\Desktop\n\gearup-my\public\blog\konten-bisnes-kecil-retainer-content-creator-malaysia.jpg'
[2026-10-05T20:39:18.269Z] !! mic-terbaik-tiktok-live-malaysia.jpg [nofase]: UNKNOWN: unknown error, open 'C:\Users\User\Desktop\n\gearup-my\public\blog\mic-terbaik-tiktok-live-malaysia.jpg'
[2026-10-05T20:39:18.426Z] !! mirrorless-vs-dslr-malaysia.jpg [nofase]: UNKNOWN: unknown error, open 'C:\Users\User\Desktop\n\gearup-my\public\blog\mirrorless-vs-dslr-malaysia.jpg'
[2026-10-05T20:39:18.653Z] !! nikon-d3100-vs-sony-a6100-which-better-malaysia.jpg [nofase]: UNKNOWN: unknown error, open 'C:\Users\User\Desktop\n\gearup-my\public\blog\nikon-d3100-vs-sony-a6100-which-better-malaysia.jpg'
[2026-10-05T20:39:18.846Z] !! nikon-d500-reality-check-2026.jpg [nofase]: UNKNOWN: unknown error, open 'C:\Users\User\Desktop\n\gearup-my\public\blog\nikon-d500-reality-check-2026.jpg'
[2026-10-05T20:39:19.130Z] !! nikon-d7200-review-malaysia.jpg [nofase]: UNKNOWN: unknown error, open 'C:\Users\User\Desktop\n\gearup-my\public\blog\nikon-d7200-review-malaysia.jpg'
[2026-10-05T20:39:19.366Z] !! nikon-z50-ii-review-malaysia.jpg [nofase]: UNKNOWN: unknown error, open 'C:\Users\User\Desktop\n\gearup-my\public\blog\nikon-z50-ii-review-malaysia.jpg'
[2026-10-05T20:39:19.589Z] !! old-dslr-era-60d-d3100-gig-payoff-malaysia.jpg [nofase]: UNKNOWN: unknown error, open 'C:\Users\User\Desktop\n\gearup-my\public\blog\old-dslr-era-60d-d3100-gig-payoff-malaysia.jpg'
[2026-10-05T20:39:19.926Z] !! osmo-action-6-pro-vs-gopro-hero-14-malaysia.jpg [nofase]: UNKNOWN: unknown error, open 'C:\Users\User\Desktop\n\gearup-my\public\blog\osmo-action-6-pro-vs-gopro-hero-14-malaysia.jpg'
[2026-10-05T20:39:20.107Z] !! panasonic-lumix-s9-review-malaysia.jpg [nofase]: UNKNOWN: unknown error, open 'C:\Users\User\Desktop\n\gearup-my\public\blog\panasonic-lumix-s9-review-malaysia.jpg'
[2026-10-05T20:39:20.505Z] !! panduan-harga-gig-fotografi-malaysia-2026.jpg [nofase]: UNKNOWN: unknown error, open 'C:\Users\User\Desktop\n\gearup-my\public\blog\panduan-harga-gig-fotografi-malaysia-2026.jpg'
[2026-10-05T20:39:20.796Z] !! philippines-vlogging-gear.jpg [nofase]: UNKNOWN: unknown error, open 'C:\Users\User\Desktop\n\gearup-my\public\blog\philippines-vlogging-gear.jpg'
[2026-10-05T20:39:20.912Z] !! photography-vs-video-camera-malaysia-beginners.jpg [nofase]: UNKNOWN: unknown error, open 'C:\Users\User\Desktop\n\gearup-my\public\blog\photography-vs-video-camera-malaysia-beginners.jpg'
[2026-10-05T20:39:21.121Z] !! product-photography-ecommerce-gig-malaysia.jpg [nofase]: UNKNOWN: unknown error, open 'C:\Users\User\Desktop\n\gearup-my\public\blog\product-photography-ecommerce-gig-malaysia.jpg'
[2026-10-05T20:39:21.655Z] !! real-estate-media-gig-malaysia.jpg [nofase]: UNKNOWN: unknown error, open 'C:\Users\User\Desktop\n\gearup-my\public\blog\real-estate-media-gig-malaysia.jpg'
[2026-10-05T20:39:21.956Z] !! samsung-galaxy-s25-ultra-review-malaysia.jpg [nofase]: UNKNOWN: unknown error, open 'C:\Users\User\Desktop\n\gearup-my\public\blog\samsung-galaxy-s25-ultra-review-malaysia.jpg'
[2026-10-05T20:39:22.409Z] !! second-hand-camera-buying-guide.jpg [nofase]: UNKNOWN: unknown error, open 'C:\Users\User\Desktop\n\gearup-my\public\blog\second-hand-camera-buying-guide.jpg'
[2026-10-05T20:39:22.882Z] !! second-hand-camera-scams-malaysia.jpg [nofase]: UNKNOWN: unknown error, open 'C:\Users\User\Desktop\n\gearup-my\public\blog\second-hand-camera-scams-malaysia.jpg'
[2026-10-05T20:39:23.061Z] !! side-income-umur-40-plus-fotografi-malaysia.jpg [nofase]: UNKNOWN: unknown error, open 'C:\Users\User\Desktop\n\gearup-my\public\blog\side-income-umur-40-plus-fotografi-malaysia.jpg'
[2026-10-05T20:39:23.237Z] !! singapore-camera-rental-creator-gear.jpg [nofase]: UNKNOWN: unknown error, open 'C:\Users\User\Desktop\n\gearup-my\public\blog\singapore-camera-rental-creator-gear.jpg'
[2026-10-05T20:39:23.570Z] !! sony-a6000-review-malaysia-second-hand.jpg [nofase]: UNKNOWN: unknown error, open 'C:\Users\User\Desktop\n\gearup-my\public\blog\sony-a6000-review-malaysia-second-hand.jpg'
[2026-10-05T20:39:23.810Z] !! sony-a6700-review-malaysia.jpg [nofase]: UNKNOWN: unknown error, open 'C:\Users\User\Desktop\n\gearup-my\public\blog\sony-a6700-review-malaysia.jpg'
[2026-10-05T20:39:24.020Z] !! sony-a7c-ii-review-malaysia.jpg [nofase]: UNKNOWN: unknown error, open 'C:\Users\User\Desktop\n\gearup-my\public\blog\sony-a7c-ii-review-malaysia.jpg'
[2026-10-05T20:39:24.290Z] !! sony-zv-e10-review-malaysia-second-hand.jpg [nofase]: UNKNOWN: unknown error, open 'C:\Users\User\Desktop\n\gearup-my\public\blog\sony-zv-e10-review-malaysia-second-hand.jpg'
[2026-10-05T20:39:24.588Z] !! south-korea-creator-gear.jpg [nofase]: UNKNOWN: unknown error, open 'C:\Users\User\Desktop\n\gearup-my\public\blog\south-korea-creator-gear.jpg'
[2026-10-05T20:39:24.960Z] !! taiwan-camera-market.jpg [nofase]: UNKNOWN: unknown error, open 'C:\Users\User\Desktop\n\gearup-my\public\blog\taiwan-camera-market.jpg'
[2026-10-05T20:39:25.094Z] !! tamron-17-50mm-vc-review-malaysia.jpg [nofase]: UNKNOWN: unknown error, open 'C:\Users\User\Desktop\n\gearup-my\public\blog\tamron-17-50mm-vc-review-malaysia.jpg'
[2026-10-05T20:39:25.438Z] !! tapo-4-camera-wifi-retail-shop-malaysia.jpg [nofase]: UNKNOWN: unknown error, open 'C:\Users\User\Desktop\n\gearup-my\public\blog\tapo-4-camera-wifi-retail-shop-malaysia.jpg'
[2026-10-05T20:39:25.700Z] !! tapo-c210-vs-c220-malaysia.jpg [nofase]: UNKNOWN: unknown error, open 'C:\Users\User\Desktop\n\gearup-my\public\blog\tapo-c210-vs-c220-malaysia.jpg'
[2026-10-05T20:39:26.048Z] !! thailand-camera-gear.jpg [nofase]: UNKNOWN: unknown error, open 'C:\Users\User\Desktop\n\gearup-my\public\blog\thailand-camera-gear.jpg'
[2026-10-05T20:39:26.215Z] !! tiktok-reels-shorts-strategy-malaysia-2026.jpg [nofase]: UNKNOWN: unknown error, open 'C:\Users\User\Desktop\n\gearup-my\public\blog\tiktok-reels-shorts-strategy-malaysia-2026.jpg'
[2026-10-05T20:39:26.492Z] !! turning-50-panic-plan-content-side-hustle-malaysia.jpg [nofase]: UNKNOWN: unknown error, open 'C:\Users\User\Desktop\n\gearup-my\public\blog\turning-50-panic-plan-content-side-hustle-malaysia.jpg'
[2026-10-05T20:39:26.614Z] !! turning-50-second-act-gig-guide-malaysia.jpg [nofase]: UNKNOWN: unknown error, open 'C:\Users\User\Desktop\n\gearup-my\public\blog\turning-50-second-act-gig-guide-malaysia.jpg'
[2026-10-05T20:39:26.780Z] !! video-stabilization-ibis-gimbal-tripod-malaysia.jpg [nofase]: UNKNOWN: unknown error, open 'C:\Users\User\Desktop\n\gearup-my\public\blog\video-stabilization-ibis-gimbal-tripod-malaysia.jpg'
[2026-10-05T20:39:26.985Z] !! wedding-photography-side-hustle-malaysia.jpg [nofase]: UNKNOWN: unknown error, open 'C:\Users\User\Desktop\n\gearup-my\public\blog\wedding-photography-side-hustle-malaysia.jpg'
[2026-10-05T20:39:27.165Z] !! xiaomi-14-ultra-review-malaysia.jpg [nofase]: UNKNOWN: unknown error, open 'C:\Users\User\Desktop\n\gearup-my\public\blog\xiaomi-14-ultra-review-malaysia.jpg'
[2026-10-05T20:39:27.447Z] !! xiaomi-15-ultra-review-malaysia.jpg [nofase]: UNKNOWN: unknown error, open 'C:\Users\User\Desktop\n\gearup-my\public\blog\xiaomi-15-ultra-review-malaysia.jpg'
[2026-10-05T20:39:27.448Z] round 6: 86 file(s) locked by system - retrying in 5s
[2026-10-05T20:39:32.461Z] done: 248 files, re-encoded 0, unchanged 162, GAVE UP on 86 (locked): age-50-vs-age-25-content-creator-malaysia.jpg, beli-kamera-kredit-vs-simpan-malaysia.jpg, berapa-gig-untuk-bayar-camera.jpg, best-budget-lapel-microphone-malaysia-audio-guide.jpg, best-camera-beginners-malaysia-2026.jpg, best-camera-content-creator-malaysia.jpg, best-drone-malaysia-2026.jpg, best-first-lens-malaysia.jpg, best-tripod-phone-camera-malaysia-guide.jpg, best-vlogging-camera-malaysia-2026.jpg, buat-video-guna-handphone-cabaran-30-hari.jpg, camera-price-guide-malaysia-2026.jpg, camera-roi-calculator-malaysia.jpg, camera-sd-card-speed-guide-malaysia.jpg, camera-under-2000-malaysia-2026.jpg, canon-eos-r50-vs-sony-a6100-which-better-malaysia.jpg, cara-buat-portfolio-fotografi-malaysia.jpg, cara-jadi-content-creator-tanpa-modal-malaysia.jpg, cara-mula-photography-dengan-rm500.jpg, cctv-installer-gig-side-hustle-malaysia.jpg, cctv-keselamatan-pekerja-sistem-ai-kilang-malaysia.jpg, cctv-pantau-ibu-bapa-lansia-malaysia.jpg, content-calendar-malaysia-creators.jpg, content-creator-gear-roi-malaysia-calculator.jpg, dji-mini-3-pro-vs-mini-4-pro-malaysia.jpg, dji-vs-instax360-malaysia.jpg, drone-license-registration-malaysia-2026.jpg, food-content-creation-gig-malaysia.jpg, full-frame-vs-crop-sensor-malaysia.jpg, gig-fotografi-dron-hartanah-malaysia.jpg, gig-fotografi-makanan-malaysia.jpg, gig-fotografi-potret-sambilan-malaysia.jpg, gig-fotografi-produk-shopee-lazada-malaysia.jpg, gig-video-perniagaan-kecil-malaysia.jpg, harga-sony-camera-malaysia.jpg, hikvision-8-camera-nvr-factory-malaysia.jpg, insta360-ace-pro-2-review-malaysia.jpg, insta360-luna-vs-dslr-photography-malaysia.jpg, insta360-vs-gopro-which-buy-malaysia-2026.jpg, insta360-x4-review-malaysia.jpg, iphone-15-content-creation-malaysia.jpg, iphone-16-pro-content-creation-malaysia.jpg, iphone-17-pro-content-creation-malaysia.jpg, iphone-17-pro-vs-mirrorless-malaysia-2026.jpg, iphone-vs-mirrorless-camera-content-creation-malaysia.jpg, japan-camera-market.jpg, kamera-bawah-rm2000-malaysia.jpg, kamera-murah-bawah-rm1000.jpg, kamera-untuk-photography-malaysia.jpg, konten-bisnes-kecil-retainer-content-creator-malaysia.jpg, mic-terbaik-tiktok-live-malaysia.jpg, mirrorless-vs-dslr-malaysia.jpg, nikon-d3100-vs-sony-a6100-which-better-malaysia.jpg, nikon-d500-reality-check-2026.jpg, nikon-d7200-review-malaysia.jpg, nikon-z50-ii-review-malaysia.jpg, old-dslr-era-60d-d3100-gig-payoff-malaysia.jpg, osmo-action-6-pro-vs-gopro-hero-14-malaysia.jpg, panasonic-lumix-s9-review-malaysia.jpg, panduan-harga-gig-fotografi-malaysia-2026.jpg, philippines-vlogging-gear.jpg, photography-vs-video-camera-malaysia-beginners.jpg, product-photography-ecommerce-gig-malaysia.jpg, real-estate-media-gig-malaysia.jpg, samsung-galaxy-s25-ultra-review-malaysia.jpg, second-hand-camera-buying-guide.jpg, second-hand-camera-scams-malaysia.jpg, side-income-umur-40-plus-fotografi-malaysia.jpg, singapore-camera-rental-creator-gear.jpg, sony-a6000-review-malaysia-second-hand.jpg, sony-a6700-review-malaysia.jpg, sony-a7c-ii-review-malaysia.jpg, sony-zv-e10-review-malaysia-second-hand.jpg, south-korea-creator-gear.jpg, taiwan-camera-market.jpg, tamron-17-50mm-vc-review-malaysia.jpg, tapo-4-camera-wifi-retail-shop-malaysia.jpg, tapo-c210-vs-c220-malaysia.jpg, thailand-camera-gear.jpg, tiktok-reels-shorts-strategy-malaysia-2026.jpg, turning-50-panic-plan-content-side-hustle-malaysia.jpg, turning-50-second-act-gig-guide-malaysia.jpg, video-stabilization-ibis-gimbal-tripod-malaysia.jpg, wedding-photography-side-hustle-malaysia.jpg, xiaomi-14-ultra-review-malaysia.jpg, xiaomi-15-ultra-review-malaysia.jpg
[2026-10-05T20:41:25.255Z] note (non-jpg, left as-is): cctv-ai-facial-recognition-sistem-keselamatan-kilang-malaysia.png 1920x1689
[2026-10-05T20:41:31.373Z] note (non-jpg, left as-is): insta360-x5-review-malaysia.webp 1920x2882
[2026-10-05T20:41:42.786Z] round 1: 86 file(s) locked by system - retrying in 5s
[2026-10-05T20:42:08.397Z] round 2: 86 file(s) locked by system - retrying in 5s
[2026-10-05T20:42:33.666Z] round 3: 86 file(s) locked by system - retrying in 5s
[2026-10-05T20:42:58.956Z] round 4: 86 file(s) locked by system - retrying in 5s
[2026-10-05T20:43:24.627Z] round 5: 86 file(s) locked by system - retrying in 5s
[2026-10-05T20:43:29.916Z] !! age-50-vs-age-25-content-creator-malaysia.jpg [nofase]: UNKNOWN: unknown error, open 'C:\Users\User\Desktop\n\gearup-my\public\blog\age-50-vs-age-25-content-creator-malaysia.jpg'
[2026-10-05T20:43:30.657Z] !! beli-kamera-kredit-vs-simpan-malaysia.jpg [nofase]: UNKNOWN: unknown error, open 'C:\Users\User\Desktop\n\gearup-my\public\blog\beli-kamera-kredit-vs-simpan-malaysia.jpg'
[2026-10-05T20:43:30.914Z] !! berapa-gig-untuk-bayar-camera.jpg [nofase]: UNKNOWN: unknown error, open 'C:\Users\User\Desktop\n\gearup-my\public\blog\berapa-gig-untuk-bayar-camera.jpg'
[2026-10-05T20:43:31.217Z] !! best-budget-lapel-microphone-malaysia-audio-guide.jpg [nofase]: UNKNOWN: unknown error, open 'C:\Users\User\Desktop\n\gearup-my\public\blog\best-budget-lapel-microphone-malaysia-audio-guide.jpg'
[2026-10-05T20:43:31.488Z] !! best-camera-beginners-malaysia-2026.jpg [nofase]: UNKNOWN: unknown error, open 'C:\Users\User\Desktop\n\gearup-my\public\blog\best-camera-beginners-malaysia-2026.jpg'
[2026-10-05T20:43:31.741Z] !! best-camera-content-creator-malaysia.jpg [nofase]: UNKNOWN: unknown error, open 'C:\Users\User\Desktop\n\gearup-my\public\blog\best-camera-content-creator-malaysia.jpg'
[2026-10-05T20:43:31.966Z] !! best-drone-malaysia-2026.jpg [nofase]: UNKNOWN: unknown error, open 'C:\Users\User\Desktop\n\gearup-my\public\blog\best-drone-malaysia-2026.jpg'
[2026-10-05T20:43:32.121Z] !! best-first-lens-malaysia.jpg [nofase]: UNKNOWN: unknown error, open 'C:\Users\User\Desktop\n\gearup-my\public\blog\best-first-lens-malaysia.jpg'
[2026-10-05T20:43:32.505Z] !! best-tripod-phone-camera-malaysia-guide.jpg [nofase]: UNKNOWN: unknown error, open 'C:\Users\User\Desktop\n\gearup-my\public\blog\best-tripod-phone-camera-malaysia-guide.jpg'
[2026-10-05T20:43:32.688Z] !! best-vlogging-camera-malaysia-2026.jpg [nofase]: UNKNOWN: unknown error, open 'C:\Users\User\Desktop\n\gearup-my\public\blog\best-vlogging-camera-malaysia-2026.jpg'
[2026-10-05T20:43:33.182Z] !! buat-video-guna-handphone-cabaran-30-hari.jpg [nofase]: UNKNOWN: unknown error, open 'C:\Users\User\Desktop\n\gearup-my\public\blog\buat-video-guna-handphone-cabaran-30-hari.jpg'
[2026-10-05T20:43:33.398Z] !! camera-price-guide-malaysia-2026.jpg [nofase]: UNKNOWN: unknown error, open 'C:\Users\User\Desktop\n\gearup-my\public\blog\camera-price-guide-malaysia-2026.jpg'
[2026-10-05T20:43:33.605Z] !! camera-roi-calculator-malaysia.jpg [nofase]: UNKNOWN: unknown error, open 'C:\Users\User\Desktop\n\gearup-my\public\blog\camera-roi-calculator-malaysia.jpg'
[2026-10-05T20:43:34.067Z] !! camera-sd-card-speed-guide-malaysia.jpg [nofase]: UNKNOWN: unknown error, open 'C:\Users\User\Desktop\n\gearup-my\public\blog\camera-sd-card-speed-guide-malaysia.jpg'
[2026-10-05T20:43:34.235Z] !! camera-under-2000-malaysia-2026.jpg [nofase]: UNKNOWN: unknown error, open 'C:\Users\User\Desktop\n\gearup-my\public\blog\camera-under-2000-malaysia-2026.jpg'
[2026-10-05T20:43:34.361Z] !! canon-eos-r50-vs-sony-a6100-which-better-malaysia.jpg [nofase]: UNKNOWN: unknown error, open 'C:\Users\User\Desktop\n\gearup-my\public\blog\canon-eos-r50-vs-sony-a6100-which-better-malaysia.jpg'
[2026-10-05T20:43:34.716Z] !! cara-buat-portfolio-fotografi-malaysia.jpg [nofase]: UNKNOWN: unknown error, open 'C:\Users\User\Desktop\n\gearup-my\public\blog\cara-buat-portfolio-fotografi-malaysia.jpg'
[2026-10-05T20:43:34.968Z] !! cara-jadi-content-creator-tanpa-modal-malaysia.jpg [nofase]: UNKNOWN: unknown error, open 'C:\Users\User\Desktop\n\gearup-my\public\blog\cara-jadi-content-creator-tanpa-modal-malaysia.jpg'
[2026-10-05T20:43:35.328Z] !! cara-mula-photography-dengan-rm500.jpg [nofase]: UNKNOWN: unknown error, open 'C:\Users\User\Desktop\n\gearup-my\public\blog\cara-mula-photography-dengan-rm500.jpg'
[2026-10-05T20:43:35.615Z] !! cctv-installer-gig-side-hustle-malaysia.jpg [nofase]: UNKNOWN: unknown error, open 'C:\Users\User\Desktop\n\gearup-my\public\blog\cctv-installer-gig-side-hustle-malaysia.jpg'
[2026-10-05T20:43:35.991Z] !! cctv-keselamatan-pekerja-sistem-ai-kilang-malaysia.jpg [nofase]: UNKNOWN: unknown error, open 'C:\Users\User\Desktop\n\gearup-my\public\blog\cctv-keselamatan-pekerja-sistem-ai-kilang-malaysia.jpg'
[2026-10-05T20:43:36.437Z] !! cctv-pantau-ibu-bapa-lansia-malaysia.jpg [nofase]: UNKNOWN: unknown error, open 'C:\Users\User\Desktop\n\gearup-my\public\blog\cctv-pantau-ibu-bapa-lansia-malaysia.jpg'
[2026-10-05T20:43:36.877Z] !! content-calendar-malaysia-creators.jpg [nofase]: UNKNOWN: unknown error, open 'C:\Users\User\Desktop\n\gearup-my\public\blog\content-calendar-malaysia-creators.jpg'
[2026-10-05T20:43:37.585Z] !! content-creator-gear-roi-malaysia-calculator.jpg [nofase]: UNKNOWN: unknown error, open 'C:\Users\User\Desktop\n\gearup-my\public\blog\content-creator-gear-roi-malaysia-calculator.jpg'
[2026-10-05T20:43:37.754Z] !! dji-mini-3-pro-vs-mini-4-pro-malaysia.jpg [nofase]: UNKNOWN: unknown error, open 'C:\Users\User\Desktop\n\gearup-my\public\blog\dji-mini-3-pro-vs-mini-4-pro-malaysia.jpg'
[2026-10-05T20:43:38.019Z] !! dji-vs-instax360-malaysia.jpg [nofase]: UNKNOWN: unknown error, open 'C:\Users\User\Desktop\n\gearup-my\public\blog\dji-vs-instax360-malaysia.jpg'
[2026-10-05T20:43:38.706Z] !! drone-license-registration-malaysia-2026.jpg [nofase]: UNKNOWN: unknown error, open 'C:\Users\User\Desktop\n\gearup-my\public\blog\drone-license-registration-malaysia-2026.jpg'
[2026-10-05T20:43:39.935Z] !! food-content-creation-gig-malaysia.jpg [nofase]: UNKNOWN: unknown error, open 'C:\Users\User\Desktop\n\gearup-my\public\blog\food-content-creation-gig-malaysia.jpg'
[2026-10-05T20:43:40.553Z] !! full-frame-vs-crop-sensor-malaysia.jpg [nofase]: UNKNOWN: unknown error, open 'C:\Users\User\Desktop\n\gearup-my\public\blog\full-frame-vs-crop-sensor-malaysia.jpg'
[2026-10-05T20:43:41.157Z] !! gig-fotografi-dron-hartanah-malaysia.jpg [nofase]: UNKNOWN: unknown error, open 'C:\Users\User\Desktop\n\gearup-my\public\blog\gig-fotografi-dron-hartanah-malaysia.jpg'
[2026-10-05T20:43:41.617Z] !! gig-fotografi-makanan-malaysia.jpg [nofase]: UNKNOWN: unknown error, open 'C:\Users\User\Desktop\n\gearup-my\public\blog\gig-fotografi-makanan-malaysia.jpg'
[2026-10-05T20:43:42.971Z] !! gig-fotografi-potret-sambilan-malaysia.jpg [nofase]: UNKNOWN: unknown error, open 'C:\Users\User\Desktop\n\gearup-my\public\blog\gig-fotografi-potret-sambilan-malaysia.jpg'
[2026-10-05T20:43:44.317Z] !! gig-fotografi-produk-shopee-lazada-malaysia.jpg [nofase]: UNKNOWN: unknown error, open 'C:\Users\User\Desktop\n\gearup-my\public\blog\gig-fotografi-produk-shopee-lazada-malaysia.jpg'
[2026-10-05T20:43:45.327Z] !! gig-video-perniagaan-kecil-malaysia.jpg [nofase]: UNKNOWN: unknown error, open 'C:\Users\User\Desktop\n\gearup-my\public\blog\gig-video-perniagaan-kecil-malaysia.jpg'
[2026-10-05T20:43:45.855Z] !! harga-sony-camera-malaysia.jpg [nofase]: UNKNOWN: unknown error, open 'C:\Users\User\Desktop\n\gearup-my\public\blog\harga-sony-camera-malaysia.jpg'
[2026-10-05T20:43:46.664Z] !! hikvision-8-camera-nvr-factory-malaysia.jpg [nofase]: UNKNOWN: unknown error, open 'C:\Users\User\Desktop\n\gearup-my\public\blog\hikvision-8-camera-nvr-factory-malaysia.jpg'
[2026-10-05T20:43:46.948Z] !! insta360-ace-pro-2-review-malaysia.jpg [nofase]: UNKNOWN: unknown error, open 'C:\Users\User\Desktop\n\gearup-my\public\blog\insta360-ace-pro-2-review-malaysia.jpg'
[2026-10-05T20:43:47.388Z] !! insta360-luna-vs-dslr-photography-malaysia.jpg [nofase]: UNKNOWN: unknown error, open 'C:\Users\User\Desktop\n\gearup-my\public\blog\insta360-luna-vs-dslr-photography-malaysia.jpg'
[2026-10-05T20:43:47.530Z] !! insta360-vs-gopro-which-buy-malaysia-2026.jpg [nofase]: UNKNOWN: unknown error, open 'C:\Users\User\Desktop\n\gearup-my\public\blog\insta360-vs-gopro-which-buy-malaysia-2026.jpg'
[2026-10-05T20:43:48.039Z] !! insta360-x4-review-malaysia.jpg [nofase]: UNKNOWN: unknown error, open 'C:\Users\User\Desktop\n\gearup-my\public\blog\insta360-x4-review-malaysia.jpg'
[2026-10-05T20:43:48.538Z] !! iphone-15-content-creation-malaysia.jpg [nofase]: UNKNOWN: unknown error, open 'C:\Users\User\Desktop\n\gearup-my\public\blog\iphone-15-content-creation-malaysia.jpg'
[2026-10-05T20:43:49.016Z] !! iphone-16-pro-content-creation-malaysia.jpg [nofase]: UNKNOWN: unknown error, open 'C:\Users\User\Desktop\n\gearup-my\public\blog\iphone-16-pro-content-creation-malaysia.jpg'
[2026-10-05T20:43:49.287Z] !! iphone-17-pro-content-creation-malaysia.jpg [nofase]: UNKNOWN: unknown error, open 'C:\Users\User\Desktop\n\gearup-my\public\blog\iphone-17-pro-content-creation-malaysia.jpg'
[2026-10-05T20:43:49.549Z] !! iphone-17-pro-vs-mirrorless-malaysia-2026.jpg [nofase]: UNKNOWN: unknown error, open 'C:\Users\User\Desktop\n\gearup-my\public\blog\iphone-17-pro-vs-mirrorless-malaysia-2026.jpg'
[2026-10-05T20:43:50.482Z] !! iphone-vs-mirrorless-camera-content-creation-malaysia.jpg [nofase]: UNKNOWN: unknown error, open 'C:\Users\User\Desktop\n\gearup-my\public\blog\iphone-vs-mirrorless-camera-content-creation-malaysia.jpg'
[2026-10-05T20:43:52.056Z] !! japan-camera-market.jpg [nofase]: UNKNOWN: unknown error, open 'C:\Users\User\Desktop\n\gearup-my\public\blog\japan-camera-market.jpg'
[2026-10-05T20:43:52.934Z] !! kamera-bawah-rm2000-malaysia.jpg [nofase]: UNKNOWN: unknown error, open 'C:\Users\User\Desktop\n\gearup-my\public\blog\kamera-bawah-rm2000-malaysia.jpg'
[2026-10-05T20:43:53.912Z] !! kamera-murah-bawah-rm1000.jpg [nofase]: UNKNOWN: unknown error, open 'C:\Users\User\Desktop\n\gearup-my\public\blog\kamera-murah-bawah-rm1000.jpg'
[2026-10-05T20:43:54.715Z] !! kamera-untuk-photography-malaysia.jpg [nofase]: UNKNOWN: unknown error, open 'C:\Users\User\Desktop\n\gearup-my\public\blog\kamera-untuk-photography-malaysia.jpg'
[2026-10-05T20:43:56.016Z] !! konten-bisnes-kecil-retainer-content-creator-malaysia.jpg [nofase]: UNKNOWN: unknown error, open 'C:\Users\User\Desktop\n\gearup-my\public\blog\konten-bisnes-kecil-retainer-content-creator-malaysia.jpg'
[2026-10-05T20:43:57.069Z] !! mic-terbaik-tiktok-live-malaysia.jpg [nofase]: UNKNOWN: unknown error, open 'C:\Users\User\Desktop\n\gearup-my\public\blog\mic-terbaik-tiktok-live-malaysia.jpg'
[2026-10-05T20:43:58.036Z] !! mirrorless-vs-dslr-malaysia.jpg [nofase]: UNKNOWN: unknown error, open 'C:\Users\User\Desktop\n\gearup-my\public\blog\mirrorless-vs-dslr-malaysia.jpg'
[2026-10-05T20:43:58.720Z] !! nikon-d3100-vs-sony-a6100-which-better-malaysia.jpg [nofase]: UNKNOWN: unknown error, open 'C:\Users\User\Desktop\n\gearup-my\public\blog\nikon-d3100-vs-sony-a6100-which-better-malaysia.jpg'
[2026-10-05T20:43:59.229Z] !! nikon-d500-reality-check-2026.jpg [nofase]: UNKNOWN: unknown error, open 'C:\Users\User\Desktop\n\gearup-my\public\blog\nikon-d500-reality-check-2026.jpg'
[2026-10-05T20:43:59.995Z] !! nikon-d7200-review-malaysia.jpg [nofase]: UNKNOWN: unknown error, open 'C:\Users\User\Desktop\n\gearup-my\public\blog\nikon-d7200-review-malaysia.jpg'
[2026-10-05T20:44:00.652Z] !! nikon-z50-ii-review-malaysia.jpg [nofase]: UNKNOWN: unknown error, open 'C:\Users\User\Desktop\n\gearup-my\public\blog\nikon-z50-ii-review-malaysia.jpg'
[2026-10-05T20:44:01.200Z] !! old-dslr-era-60d-d3100-gig-payoff-malaysia.jpg [nofase]: UNKNOWN: unknown error, open 'C:\Users\User\Desktop\n\gearup-my\public\blog\old-dslr-era-60d-d3100-gig-payoff-malaysia.jpg'
[2026-10-05T20:44:01.766Z] !! osmo-action-6-pro-vs-gopro-hero-14-malaysia.jpg [nofase]: UNKNOWN: unknown error, open 'C:\Users\User\Desktop\n\gearup-my\public\blog\osmo-action-6-pro-vs-gopro-hero-14-malaysia.jpg'
[2026-10-05T20:44:02.144Z] !! panasonic-lumix-s9-review-malaysia.jpg [nofase]: UNKNOWN: unknown error, open 'C:\Users\User\Desktop\n\gearup-my\public\blog\panasonic-lumix-s9-review-malaysia.jpg'
[2026-10-05T20:44:03.020Z] !! panduan-harga-gig-fotografi-malaysia-2026.jpg [nofase]: UNKNOWN: unknown error, open 'C:\Users\User\Desktop\n\gearup-my\public\blog\panduan-harga-gig-fotografi-malaysia-2026.jpg'
[2026-10-05T20:44:03.649Z] !! philippines-vlogging-gear.jpg [nofase]: UNKNOWN: unknown error, open 'C:\Users\User\Desktop\n\gearup-my\public\blog\philippines-vlogging-gear.jpg'
[2026-10-05T20:44:03.904Z] !! photography-vs-video-camera-malaysia-beginners.jpg [nofase]: UNKNOWN: unknown error, open 'C:\Users\User\Desktop\n\gearup-my\public\blog\photography-vs-video-camera-malaysia-beginners.jpg'
[2026-10-05T20:44:04.510Z] !! product-photography-ecommerce-gig-malaysia.jpg [nofase]: UNKNOWN: unknown error, open 'C:\Users\User\Desktop\n\gearup-my\public\blog\product-photography-ecommerce-gig-malaysia.jpg'
[2026-10-05T20:44:06.368Z] !! real-estate-media-gig-malaysia.jpg [nofase]: UNKNOWN: unknown error, open 'C:\Users\User\Desktop\n\gearup-my\public\blog\real-estate-media-gig-malaysia.jpg'
[2026-10-05T20:44:07.204Z] !! samsung-galaxy-s25-ultra-review-malaysia.jpg [nofase]: UNKNOWN: unknown error, open 'C:\Users\User\Desktop\n\gearup-my\public\blog\samsung-galaxy-s25-ultra-review-malaysia.jpg'
[2026-10-05T20:44:08.337Z] !! second-hand-camera-buying-guide.jpg [nofase]: UNKNOWN: unknown error, open 'C:\Users\User\Desktop\n\gearup-my\public\blog\second-hand-camera-buying-guide.jpg'
[2026-10-05T20:44:09.563Z] !! second-hand-camera-scams-malaysia.jpg [nofase]: UNKNOWN: unknown error, open 'C:\Users\User\Desktop\n\gearup-my\public\blog\second-hand-camera-scams-malaysia.jpg'
[2026-10-05T20:44:10.065Z] !! side-income-umur-40-plus-fotografi-malaysia.jpg [nofase]: UNKNOWN: unknown error, open 'C:\Users\User\Desktop\n\gearup-my\public\blog\side-income-umur-40-plus-fotografi-malaysia.jpg'
[2026-10-05T20:44:10.610Z] !! singapore-camera-rental-creator-gear.jpg [nofase]: UNKNOWN: unknown error, open 'C:\Users\User\Desktop\n\gearup-my\public\blog\singapore-camera-rental-creator-gear.jpg'
[2026-10-05T20:44:11.164Z] !! sony-a6000-review-malaysia-second-hand.jpg [nofase]: UNKNOWN: unknown error, open 'C:\Users\User\Desktop\n\gearup-my\public\blog\sony-a6000-review-malaysia-second-hand.jpg'
[2026-10-05T20:44:11.480Z] !! sony-a6700-review-malaysia.jpg [nofase]: UNKNOWN: unknown error, open 'C:\Users\User\Desktop\n\gearup-my\public\blog\sony-a6700-review-malaysia.jpg'
[2026-10-05T20:44:11.896Z] !! sony-a7c-ii-review-malaysia.jpg [nofase]: UNKNOWN: unknown error, open 'C:\Users\User\Desktop\n\gearup-my\public\blog\sony-a7c-ii-review-malaysia.jpg'
[2026-10-05T20:44:12.307Z] !! sony-zv-e10-review-malaysia-second-hand.jpg [nofase]: UNKNOWN: unknown error, open 'C:\Users\User\Desktop\n\gearup-my\public\blog\sony-zv-e10-review-malaysia-second-hand.jpg'
[2026-10-05T20:44:12.726Z] !! south-korea-creator-gear.jpg [nofase]: UNKNOWN: unknown error, open 'C:\Users\User\Desktop\n\gearup-my\public\blog\south-korea-creator-gear.jpg'
[2026-10-05T20:44:13.299Z] !! taiwan-camera-market.jpg [nofase]: UNKNOWN: unknown error, open 'C:\Users\User\Desktop\n\gearup-my\public\blog\taiwan-camera-market.jpg'
[2026-10-05T20:44:13.497Z] !! tamron-17-50mm-vc-review-malaysia.jpg [nofase]: UNKNOWN: unknown error, open 'C:\Users\User\Desktop\n\gearup-my\public\blog\tamron-17-50mm-vc-review-malaysia.jpg'
[2026-10-05T20:44:14.021Z] !! tapo-4-camera-wifi-retail-shop-malaysia.jpg [nofase]: UNKNOWN: unknown error, open 'C:\Users\User\Desktop\n\gearup-my\public\blog\tapo-4-camera-wifi-retail-shop-malaysia.jpg'
[2026-10-05T20:44:14.365Z] !! tapo-c210-vs-c220-malaysia.jpg [nofase]: UNKNOWN: unknown error, open 'C:\Users\User\Desktop\n\gearup-my\public\blog\tapo-c210-vs-c220-malaysia.jpg'
[2026-10-05T20:44:14.938Z] !! thailand-camera-gear.jpg [nofase]: UNKNOWN: unknown error, open 'C:\Users\User\Desktop\n\gearup-my\public\blog\thailand-camera-gear.jpg'
[2026-10-05T20:44:15.191Z] !! tiktok-reels-shorts-strategy-malaysia-2026.jpg [nofase]: UNKNOWN: unknown error, open 'C:\Users\User\Desktop\n\gearup-my\public\blog\tiktok-reels-shorts-strategy-malaysia-2026.jpg'
[2026-10-05T20:44:15.536Z] !! turning-50-panic-plan-content-side-hustle-malaysia.jpg [nofase]: UNKNOWN: unknown error, open 'C:\Users\User\Desktop\n\gearup-my\public\blog\turning-50-panic-plan-content-side-hustle-malaysia.jpg'
[2026-10-05T20:44:15.792Z] !! turning-50-second-act-gig-guide-malaysia.jpg [nofase]: UNKNOWN: unknown error, open 'C:\Users\User\Desktop\n\gearup-my\public\blog\turning-50-second-act-gig-guide-malaysia.jpg'
[2026-10-05T20:44:16.357Z] !! video-stabilization-ibis-gimbal-tripod-malaysia.jpg [nofase]: UNKNOWN: unknown error, open 'C:\Users\User\Desktop\n\gearup-my\public\blog\video-stabilization-ibis-gimbal-tripod-malaysia.jpg'
[2026-10-05T20:44:16.696Z] !! wedding-photography-side-hustle-malaysia.jpg [nofase]: UNKNOWN: unknown error, open 'C:\Users\User\Desktop\n\gearup-my\public\blog\wedding-photography-side-hustle-malaysia.jpg'
[2026-10-05T20:44:17.157Z] !! xiaomi-14-ultra-review-malaysia.jpg [nofase]: UNKNOWN: unknown error, open 'C:\Users\User\Desktop\n\gearup-my\public\blog\xiaomi-14-ultra-review-malaysia.jpg'
[2026-10-05T20:44:17.574Z] !! xiaomi-15-ultra-review-malaysia.jpg [nofase]: UNKNOWN: unknown error, open 'C:\Users\User\Desktop\n\gearup-my\public\blog\xiaomi-15-ultra-review-malaysia.jpg'
[2026-10-05T20:44:17.575Z] round 6: 86 file(s) locked by system - retrying in 5s
[2026-10-05T20:44:22.642Z] done: 248 files, re-encoded 0, unchanged 162, GAVE UP on 86 (locked): age-50-vs-age-25-content-creator-malaysia.jpg, beli-kamera-kredit-vs-simpan-malaysia.jpg, berapa-gig-untuk-bayar-camera.jpg, best-budget-lapel-microphone-malaysia-audio-guide.jpg, best-camera-beginners-malaysia-2026.jpg, best-camera-content-creator-malaysia.jpg, best-drone-malaysia-2026.jpg, best-first-lens-malaysia.jpg, best-tripod-phone-camera-malaysia-guide.jpg, best-vlogging-camera-malaysia-2026.jpg, buat-video-guna-handphone-cabaran-30-hari.jpg, camera-price-guide-malaysia-2026.jpg, camera-roi-calculator-malaysia.jpg, camera-sd-card-speed-guide-malaysia.jpg, camera-under-2000-malaysia-2026.jpg, canon-eos-r50-vs-sony-a6100-which-better-malaysia.jpg, cara-buat-portfolio-fotografi-malaysia.jpg, cara-jadi-content-creator-tanpa-modal-malaysia.jpg, cara-mula-photography-dengan-rm500.jpg, cctv-installer-gig-side-hustle-malaysia.jpg, cctv-keselamatan-pekerja-sistem-ai-kilang-malaysia.jpg, cctv-pantau-ibu-bapa-lansia-malaysia.jpg, content-calendar-malaysia-creators.jpg, content-creator-gear-roi-malaysia-calculator.jpg, dji-mini-3-pro-vs-mini-4-pro-malaysia.jpg, dji-vs-instax360-malaysia.jpg, drone-license-registration-malaysia-2026.jpg, food-content-creation-gig-malaysia.jpg, full-frame-vs-crop-sensor-malaysia.jpg, gig-fotografi-dron-hartanah-malaysia.jpg, gig-fotografi-makanan-malaysia.jpg, gig-fotografi-potret-sambilan-malaysia.jpg, gig-fotografi-produk-shopee-lazada-malaysia.jpg, gig-video-perniagaan-kecil-malaysia.jpg, harga-sony-camera-malaysia.jpg, hikvision-8-camera-nvr-factory-malaysia.jpg, insta360-ace-pro-2-review-malaysia.jpg, insta360-luna-vs-dslr-photography-malaysia.jpg, insta360-vs-gopro-which-buy-malaysia-2026.jpg, insta360-x4-review-malaysia.jpg, iphone-15-content-creation-malaysia.jpg, iphone-16-pro-content-creation-malaysia.jpg, iphone-17-pro-content-creation-malaysia.jpg, iphone-17-pro-vs-mirrorless-malaysia-2026.jpg, iphone-vs-mirrorless-camera-content-creation-malaysia.jpg, japan-camera-market.jpg, kamera-bawah-rm2000-malaysia.jpg, kamera-murah-bawah-rm1000.jpg, kamera-untuk-photography-malaysia.jpg, konten-bisnes-kecil-retainer-content-creator-malaysia.jpg, mic-terbaik-tiktok-live-malaysia.jpg, mirrorless-vs-dslr-malaysia.jpg, nikon-d3100-vs-sony-a6100-which-better-malaysia.jpg, nikon-d500-reality-check-2026.jpg, nikon-d7200-review-malaysia.jpg, nikon-z50-ii-review-malaysia.jpg, old-dslr-era-60d-d3100-gig-payoff-malaysia.jpg, osmo-action-6-pro-vs-gopro-hero-14-malaysia.jpg, panasonic-lumix-s9-review-malaysia.jpg, panduan-harga-gig-fotografi-malaysia-2026.jpg, philippines-vlogging-gear.jpg, photography-vs-video-camera-malaysia-beginners.jpg, product-photography-ecommerce-gig-malaysia.jpg, real-estate-media-gig-malaysia.jpg, samsung-galaxy-s25-ultra-review-malaysia.jpg, second-hand-camera-buying-guide.jpg, second-hand-camera-scams-malaysia.jpg, side-income-umur-40-plus-fotografi-malaysia.jpg, singapore-camera-rental-creator-gear.jpg, sony-a6000-review-malaysia-second-hand.jpg, sony-a6700-review-malaysia.jpg, sony-a7c-ii-review-malaysia.jpg, sony-zv-e10-review-malaysia-second-hand.jpg, south-korea-creator-gear.jpg, taiwan-camera-market.jpg, tamron-17-50mm-vc-review-malaysia.jpg, tapo-4-camera-wifi-retail-shop-malaysia.jpg, tapo-c210-vs-c220-malaysia.jpg, thailand-camera-gear.jpg, tiktok-reels-shorts-strategy-malaysia-2026.jpg, turning-50-panic-plan-content-side-hustle-malaysia.jpg, turning-50-second-act-gig-guide-malaysia.jpg, video-stabilization-ibis-gimbal-tripod-malaysia.jpg, wedding-photography-side-hustle-malaysia.jpg, xiaomi-14-ultra-review-malaysia.jpg, xiaomi-15-ultra-review-malaysia.jpg
[2026-10-05T20:45:39.317Z] !! age-50-vs-age-25-content-creator-malaysia.jpg: UNKNOWN: unknown error, open 'C:\Users\User\Desktop\n\gearup-my\public\blog\age-50-vs-age-25-content-creator-malaysia.jpg' ||| STACK: Error: UNKNOWN: unknown error, open 'C:\Users\User\Desktop\n\gearup-my\public\blog\age-50-vs-age-25-content-creator-malaysia.jpg' //     at Object.openSync (node:fs:555:18) //     at writeFileSync (node:fs:2405:35) //     at processFile (file:///C:/Users/User/Desktop/n/gearup-my/scripts/normalize-image-aspects.mjs:88:3)
[2026-10-05T20:45:39.937Z] !! beli-kamera-kredit-vs-simpan-malaysia.jpg: UNKNOWN: unknown error, open 'C:\Users\User\Desktop\n\gearup-my\public\blog\beli-kamera-kredit-vs-simpan-malaysia.jpg' ||| STACK: Error: UNKNOWN: unknown error, open 'C:\Users\User\Desktop\n\gearup-my\public\blog\beli-kamera-kredit-vs-simpan-malaysia.jpg' //     at Object.openSync (node:fs:555:18) //     at writeFileSync (node:fs:2405:35) //     at processFile (file:///C:/Users/User/Desktop/n/gearup-my/scripts/normalize-image-aspects.mjs:88:3)
[2026-10-05T20:45:40.102Z] !! berapa-gig-untuk-bayar-camera.jpg: UNKNOWN: unknown error, open 'C:\Users\User\Desktop\n\gearup-my\public\blog\berapa-gig-untuk-bayar-camera.jpg' ||| STACK: Error: UNKNOWN: unknown error, open 'C:\Users\User\Desktop\n\gearup-my\public\blog\berapa-gig-untuk-bayar-camera.jpg' //     at Object.openSync (node:fs:555:18) //     at writeFileSync (node:fs:2405:35) //     at processFile (file:///C:/Users/User/Desktop/n/gearup-my/scripts/normalize-image-aspects.mjs:88:3)
[2026-10-05T20:45:40.320Z] !! best-budget-lapel-microphone-malaysia-audio-guide.jpg: UNKNOWN: unknown error, open 'C:\Users\User\Desktop\n\gearup-my\public\blog\best-budget-lapel-microphone-malaysia-audio-guide.jpg' ||| STACK: Error: UNKNOWN: unknown error, open 'C:\Users\User\Desktop\n\gearup-my\public\blog\best-budget-lapel-microphone-malaysia-audio-guide.jpg' //     at Object.openSync (node:fs:555:18) //     at writeFileSync (node:fs:2405:35) //     at processFile (file:///C:/Users/User/Desktop/n/gearup-my/scripts/normalize-image-aspects.mjs:88:3)
[2026-10-05T20:45:40.523Z] !! best-camera-beginners-malaysia-2026.jpg: UNKNOWN: unknown error, open 'C:\Users\User\Desktop\n\gearup-my\public\blog\best-camera-beginners-malaysia-2026.jpg' ||| STACK: Error: UNKNOWN: unknown error, open 'C:\Users\User\Desktop\n\gearup-my\public\blog\best-camera-beginners-malaysia-2026.jpg' //     at Object.openSync (node:fs:555:18) //     at writeFileSync (node:fs:2405:35) //     at processFile (file:///C:/Users/User/Desktop/n/gearup-my/scripts/normalize-image-aspects.mjs:88:3)
[2026-10-05T20:45:40.768Z] !! best-camera-content-creator-malaysia.jpg: UNKNOWN: unknown error, open 'C:\Users\User\Desktop\n\gearup-my\public\blog\best-camera-content-creator-malaysia.jpg' ||| STACK: Error: UNKNOWN: unknown error, open 'C:\Users\User\Desktop\n\gearup-my\public\blog\best-camera-content-creator-malaysia.jpg' //     at Object.openSync (node:fs:555:18) //     at writeFileSync (node:fs:2405:35) //     at processFile (file:///C:/Users/User/Desktop/n/gearup-my/scripts/normalize-image-aspects.mjs:88:3)
[2026-10-05T20:45:41.001Z] !! best-drone-malaysia-2026.jpg: UNKNOWN: unknown error, open 'C:\Users\User\Desktop\n\gearup-my\public\blog\best-drone-malaysia-2026.jpg' ||| STACK: Error: UNKNOWN: unknown error, open 'C:\Users\User\Desktop\n\gearup-my\public\blog\best-drone-malaysia-2026.jpg' //     at Object.openSync (node:fs:555:18) //     at writeFileSync (node:fs:2405:35) //     at processFile (file:///C:/Users/User/Desktop/n/gearup-my/scripts/normalize-image-aspects.mjs:88:3)
[2026-10-05T20:45:41.165Z] !! best-first-lens-malaysia.jpg: UNKNOWN: unknown error, open 'C:\Users\User\Desktop\n\gearup-my\public\blog\best-first-lens-malaysia.jpg' ||| STACK: Error: UNKNOWN: unknown error, open 'C:\Users\User\Desktop\n\gearup-my\public\blog\best-first-lens-malaysia.jpg' //     at Object.openSync (node:fs:555:18) //     at writeFileSync (node:fs:2405:35) //     at processFile (file:///C:/Users/User/Desktop/n/gearup-my/scripts/normalize-image-aspects.mjs:88:3)
[2026-10-05T20:45:41.567Z] !! best-tripod-phone-camera-malaysia-guide.jpg: UNKNOWN: unknown error, open 'C:\Users\User\Desktop\n\gearup-my\public\blog\best-tripod-phone-camera-malaysia-guide.jpg' ||| STACK: Error: UNKNOWN: unknown error, open 'C:\Users\User\Desktop\n\gearup-my\public\blog\best-tripod-phone-camera-malaysia-guide.jpg' //     at Object.openSync (node:fs:555:18) //     at writeFileSync (node:fs:2405:35) //     at processFile (file:///C:/Users/User/Desktop/n/gearup-my/scripts/normalize-image-aspects.mjs:88:3)
[2026-10-05T20:45:41.767Z] !! best-vlogging-camera-malaysia-2026.jpg: UNKNOWN: unknown error, open 'C:\Users\User\Desktop\n\gearup-my\public\blog\best-vlogging-camera-malaysia-2026.jpg' ||| STACK: Error: UNKNOWN: unknown error, open 'C:\Users\User\Desktop\n\gearup-my\public\blog\best-vlogging-camera-malaysia-2026.jpg' //     at Object.openSync (node:fs:555:18) //     at writeFileSync (node:fs:2405:35) //     at processFile (file:///C:/Users/User/Desktop/n/gearup-my/scripts/normalize-image-aspects.mjs:88:3)
[2026-10-05T20:45:42.198Z] !! buat-video-guna-handphone-cabaran-30-hari.jpg: UNKNOWN: unknown error, open 'C:\Users\User\Desktop\n\gearup-my\public\blog\buat-video-guna-handphone-cabaran-30-hari.jpg' ||| STACK: Error: UNKNOWN: unknown error, open 'C:\Users\User\Desktop\n\gearup-my\public\blog\buat-video-guna-handphone-cabaran-30-hari.jpg' //     at Object.openSync (node:fs:555:18) //     at writeFileSync (node:fs:2405:35) //     at processFile (file:///C:/Users/User/Desktop/n/gearup-my/scripts/normalize-image-aspects.mjs:88:3)
[2026-10-05T20:45:42.450Z] !! camera-price-guide-malaysia-2026.jpg: UNKNOWN: unknown error, open 'C:\Users\User\Desktop\n\gearup-my\public\blog\camera-price-guide-malaysia-2026.jpg' ||| STACK: Error: UNKNOWN: unknown error, open 'C:\Users\User\Desktop\n\gearup-my\public\blog\camera-price-guide-malaysia-2026.jpg' //     at Object.openSync (node:fs:555:18) //     at writeFileSync (node:fs:2405:35) //     at processFile (file:///C:/Users/User/Desktop/n/gearup-my/scripts/normalize-image-aspects.mjs:88:3)
[2026-10-05T20:45:42.715Z] !! camera-roi-calculator-malaysia.jpg: UNKNOWN: unknown error, open 'C:\Users\User\Desktop\n\gearup-my\public\blog\camera-roi-calculator-malaysia.jpg' ||| STACK: Error: UNKNOWN: unknown error, open 'C:\Users\User\Desktop\n\gearup-my\public\blog\camera-roi-calculator-malaysia.jpg' //     at Object.openSync (node:fs:555:18) //     at writeFileSync (node:fs:2405:35) //     at processFile (file:///C:/Users/User/Desktop/n/gearup-my/scripts/normalize-image-aspects.mjs:88:3)
[2026-10-05T20:45:43.156Z] !! camera-sd-card-speed-guide-malaysia.jpg: UNKNOWN: unknown error, open 'C:\Users\User\Desktop\n\gearup-my\public\blog\camera-sd-card-speed-guide-malaysia.jpg' ||| STACK: Error: UNKNOWN: unknown error, open 'C:\Users\User\Desktop\n\gearup-my\public\blog\camera-sd-card-speed-guide-malaysia.jpg' //     at Object.openSync (node:fs:555:18) //     at writeFileSync (node:fs:2405:35) //     at processFile (file:///C:/Users/User/Desktop/n/gearup-my/scripts/normalize-image-aspects.mjs:88:3)
[2026-10-05T20:45:43.316Z] !! camera-under-2000-malaysia-2026.jpg: UNKNOWN: unknown error, open 'C:\Users\User\Desktop\n\gearup-my\public\blog\camera-under-2000-malaysia-2026.jpg' ||| STACK: Error: UNKNOWN: unknown error, open 'C:\Users\User\Desktop\n\gearup-my\public\blog\camera-under-2000-malaysia-2026.jpg' //     at Object.openSync (node:fs:555:18) //     at writeFileSync (node:fs:2405:35) //     at processFile (file:///C:/Users/User/Desktop/n/gearup-my/scripts/normalize-image-aspects.mjs:88:3)
[2026-10-05T20:45:43.501Z] !! canon-eos-r50-vs-sony-a6100-which-better-malaysia.jpg: UNKNOWN: unknown error, open 'C:\Users\User\Desktop\n\gearup-my\public\blog\canon-eos-r50-vs-sony-a6100-which-better-malaysia.jpg' ||| STACK: Error: UNKNOWN: unknown error, open 'C:\Users\User\Desktop\n\gearup-my\public\blog\canon-eos-r50-vs-sony-a6100-which-better-malaysia.jpg' //     at Object.openSync (node:fs:555:18) //     at writeFileSync (node:fs:2405:35) //     at processFile (file:///C:/Users/User/Desktop/n/gearup-my/scripts/normalize-image-aspects.mjs:88:3)
[2026-10-05T20:45:43.792Z] !! cara-buat-portfolio-fotografi-malaysia.jpg: UNKNOWN: unknown error, open 'C:\Users\User\Desktop\n\gearup-my\public\blog\cara-buat-portfolio-fotografi-malaysia.jpg' ||| STACK: Error: UNKNOWN: unknown error, open 'C:\Users\User\Desktop\n\gearup-my\public\blog\cara-buat-portfolio-fotografi-malaysia.jpg' //     at Object.openSync (node:fs:555:18) //     at writeFileSync (node:fs:2405:35) //     at processFile (file:///C:/Users/User/Desktop/n/gearup-my/scripts/normalize-image-aspects.mjs:88:3)
[2026-10-05T20:45:43.957Z] !! cara-jadi-content-creator-tanpa-modal-malaysia.jpg: UNKNOWN: unknown error, open 'C:\Users\User\Desktop\n\gearup-my\public\blog\cara-jadi-content-creator-tanpa-modal-malaysia.jpg' ||| STACK: Error: UNKNOWN: unknown error, open 'C:\Users\User\Desktop\n\gearup-my\public\blog\cara-jadi-content-creator-tanpa-modal-malaysia.jpg' //     at Object.openSync (node:fs:555:18) //     at writeFileSync (node:fs:2405:35) //     at processFile (file:///C:/Users/User/Desktop/n/gearup-my/scripts/normalize-image-aspects.mjs:88:3)
[2026-10-05T20:45:44.199Z] !! cara-mula-photography-dengan-rm500.jpg: UNKNOWN: unknown error, open 'C:\Users\User\Desktop\n\gearup-my\public\blog\cara-mula-photography-dengan-rm500.jpg' ||| STACK: Error: UNKNOWN: unknown error, open 'C:\Users\User\Desktop\n\gearup-my\public\blog\cara-mula-photography-dengan-rm500.jpg' //     at Object.openSync (node:fs:555:18) //     at writeFileSync (node:fs:2405:35) //     at processFile (file:///C:/Users/User/Desktop/n/gearup-my/scripts/normalize-image-aspects.mjs:88:3)
[2026-10-05T20:45:44.210Z] note (non-jpg, left as-is): cctv-ai-facial-recognition-sistem-keselamatan-kilang-malaysia.png 1920x1689
[2026-10-05T20:45:44.474Z] !! cctv-installer-gig-side-hustle-malaysia.jpg: UNKNOWN: unknown error, open 'C:\Users\User\Desktop\n\gearup-my\public\blog\cctv-installer-gig-side-hustle-malaysia.jpg' ||| STACK: Error: UNKNOWN: unknown error, open 'C:\Users\User\Desktop\n\gearup-my\public\blog\cctv-installer-gig-side-hustle-malaysia.jpg' //     at Object.openSync (node:fs:555:18) //     at writeFileSync (node:fs:2405:35) //     at processFile (file:///C:/Users/User/Desktop/n/gearup-my/scripts/normalize-image-aspects.mjs:88:3)
[2026-10-05T20:45:44.803Z] !! cctv-keselamatan-pekerja-sistem-ai-kilang-malaysia.jpg: UNKNOWN: unknown error, open 'C:\Users\User\Desktop\n\gearup-my\public\blog\cctv-keselamatan-pekerja-sistem-ai-kilang-malaysia.jpg' ||| STACK: Error: UNKNOWN: unknown error, open 'C:\Users\User\Desktop\n\gearup-my\public\blog\cctv-keselamatan-pekerja-sistem-ai-kilang-malaysia.jpg' //     at Object.openSync (node:fs:555:18) //     at writeFileSync (node:fs:2405:35) //     at processFile (file:///C:/Users/User/Desktop/n/gearup-my/scripts/normalize-image-aspects.mjs:88:3)
[2026-10-05T20:45:45.199Z] !! cctv-pantau-ibu-bapa-lansia-malaysia.jpg: UNKNOWN: unknown error, open 'C:\Users\User\Desktop\n\gearup-my\public\blog\cctv-pantau-ibu-bapa-lansia-malaysia.jpg' ||| STACK: Error: UNKNOWN: unknown error, open 'C:\Users\User\Desktop\n\gearup-my\public\blog\cctv-pantau-ibu-bapa-lansia-malaysia.jpg' //     at Object.openSync (node:fs:555:18) //     at writeFileSync (node:fs:2405:35) //     at processFile (file:///C:/Users/User/Desktop/n/gearup-my/scripts/normalize-image-aspects.mjs:88:3)
[2026-10-05T20:45:45.436Z] !! content-calendar-malaysia-creators.jpg: UNKNOWN: unknown error, open 'C:\Users\User\Desktop\n\gearup-my\public\blog\content-calendar-malaysia-creators.jpg' ||| STACK: Error: UNKNOWN: unknown error, open 'C:\Users\User\Desktop\n\gearup-my\public\blog\content-calendar-malaysia-creators.jpg' //     at Object.openSync (node:fs:555:18) //     at writeFileSync (node:fs:2405:35) //     at processFile (file:///C:/Users/User/Desktop/n/gearup-my/scripts/normalize-image-aspects.mjs:88:3)
[2026-10-05T20:45:45.725Z] !! content-creator-gear-roi-malaysia-calculator.jpg: UNKNOWN: unknown error, open 'C:\Users\User\Desktop\n\gearup-my\public\blog\content-creator-gear-roi-malaysia-calculator.jpg' ||| STACK: Error: UNKNOWN: unknown error, open 'C:\Users\User\Desktop\n\gearup-my\public\blog\content-creator-gear-roi-malaysia-calculator.jpg' //     at Object.openSync (node:fs:555:18) //     at writeFileSync (node:fs:2405:35) //     at processFile (file:///C:/Users/User/Desktop/n/gearup-my/scripts/normalize-image-aspects.mjs:88:3)
[2026-10-05T20:45:45.888Z] !! dji-mini-3-pro-vs-mini-4-pro-malaysia.jpg: UNKNOWN: unknown error, open 'C:\Users\User\Desktop\n\gearup-my\public\blog\dji-mini-3-pro-vs-mini-4-pro-malaysia.jpg' ||| STACK: Error: UNKNOWN: unknown error, open 'C:\Users\User\Desktop\n\gearup-my\public\blog\dji-mini-3-pro-vs-mini-4-pro-malaysia.jpg' //     at Object.openSync (node:fs:555:18) //     at writeFileSync (node:fs:2405:35) //     at processFile (file:///C:/Users/User/Desktop/n/gearup-my/scripts/normalize-image-aspects.mjs:88:3)
[2026-10-05T20:45:46.049Z] !! dji-vs-instax360-malaysia.jpg: UNKNOWN: unknown error, open 'C:\Users\User\Desktop\n\gearup-my\public\blog\dji-vs-instax360-malaysia.jpg' ||| STACK: Error: UNKNOWN: unknown error, open 'C:\Users\User\Desktop\n\gearup-my\public\blog\dji-vs-instax360-malaysia.jpg' //     at Object.openSync (node:fs:555:18) //     at writeFileSync (node:fs:2405:35) //     at processFile (file:///C:/Users/User/Desktop/n/gearup-my/scripts/normalize-image-aspects.mjs:88:3)
[2026-10-05T20:45:46.367Z] !! drone-license-registration-malaysia-2026.jpg: UNKNOWN: unknown error, open 'C:\Users\User\Desktop\n\gearup-my\public\blog\drone-license-registration-malaysia-2026.jpg' ||| STACK: Error: UNKNOWN: unknown error, open 'C:\Users\User\Desktop\n\gearup-my\public\blog\drone-license-registration-malaysia-2026.jpg' //     at Object.openSync (node:fs:555:18) //     at writeFileSync (node:fs:2405:35) //     at processFile (file:///C:/Users/User/Desktop/n/gearup-my/scripts/normalize-image-aspects.mjs:88:3)
[2026-10-05T20:45:46.729Z] !! food-content-creation-gig-malaysia.jpg: UNKNOWN: unknown error, open 'C:\Users\User\Desktop\n\gearup-my\public\blog\food-content-creation-gig-malaysia.jpg' ||| STACK: Error: UNKNOWN: unknown error, open 'C:\Users\User\Desktop\n\gearup-my\public\blog\food-content-creation-gig-malaysia.jpg' //     at Object.openSync (node:fs:555:18) //     at writeFileSync (node:fs:2405:35) //     at processFile (file:///C:/Users/User/Desktop/n/gearup-my/scripts/normalize-image-aspects.mjs:88:3)
[2026-10-05T20:45:46.904Z] !! full-frame-vs-crop-sensor-malaysia.jpg: UNKNOWN: unknown error, open 'C:\Users\User\Desktop\n\gearup-my\public\blog\full-frame-vs-crop-sensor-malaysia.jpg' ||| STACK: Error: UNKNOWN: unknown error, open 'C:\Users\User\Desktop\n\gearup-my\public\blog\full-frame-vs-crop-sensor-malaysia.jpg' //     at Object.openSync (node:fs:555:18) //     at writeFileSync (node:fs:2405:35) //     at processFile (file:///C:/Users/User/Desktop/n/gearup-my/scripts/normalize-image-aspects.mjs:88:3)
[2026-10-05T20:45:47.396Z] !! gig-fotografi-dron-hartanah-malaysia.jpg: UNKNOWN: unknown error, open 'C:\Users\User\Desktop\n\gearup-my\public\blog\gig-fotografi-dron-hartanah-malaysia.jpg' ||| STACK: Error: UNKNOWN: unknown error, open 'C:\Users\User\Desktop\n\gearup-my\public\blog\gig-fotografi-dron-hartanah-malaysia.jpg' //     at Object.openSync (node:fs:555:18) //     at writeFileSync (node:fs:2405:35) //     at processFile (file:///C:/Users/User/Desktop/n/gearup-my/scripts/normalize-image-aspects.mjs:88:3)
[2026-10-05T20:45:47.632Z] !! gig-fotografi-makanan-malaysia.jpg: UNKNOWN: unknown error, open 'C:\Users\User\Desktop\n\gearup-my\public\blog\gig-fotografi-makanan-malaysia.jpg' ||| STACK: Error: UNKNOWN: unknown error, open 'C:\Users\User\Desktop\n\gearup-my\public\blog\gig-fotografi-makanan-malaysia.jpg' //     at Object.openSync (node:fs:555:18) //     at writeFileSync (node:fs:2405:35) //     at processFile (file:///C:/Users/User/Desktop/n/gearup-my/scripts/normalize-image-aspects.mjs:88:3)
[2026-10-05T20:45:48.084Z] !! gig-fotografi-potret-sambilan-malaysia.jpg: UNKNOWN: unknown error, open 'C:\Users\User\Desktop\n\gearup-my\public\blog\gig-fotografi-potret-sambilan-malaysia.jpg' ||| STACK: Error: UNKNOWN: unknown error, open 'C:\Users\User\Desktop\n\gearup-my\public\blog\gig-fotografi-potret-sambilan-malaysia.jpg' //     at Object.openSync (node:fs:555:18) //     at writeFileSync (node:fs:2405:35) //     at processFile (file:///C:/Users/User/Desktop/n/gearup-my/scripts/normalize-image-aspects.mjs:88:3)
[2026-10-05T20:45:48.472Z] !! gig-fotografi-produk-shopee-lazada-malaysia.jpg: UNKNOWN: unknown error, open 'C:\Users\User\Desktop\n\gearup-my\public\blog\gig-fotografi-produk-shopee-lazada-malaysia.jpg' ||| STACK: Error: UNKNOWN: unknown error, open 'C:\Users\User\Desktop\n\gearup-my\public\blog\gig-fotografi-produk-shopee-lazada-malaysia.jpg' //     at Object.openSync (node:fs:555:18) //     at writeFileSync (node:fs:2405:35) //     at processFile (file:///C:/Users/User/Desktop/n/gearup-my/scripts/normalize-image-aspects.mjs:88:3)
[2026-10-05T20:45:49.078Z] !! gig-video-perniagaan-kecil-malaysia.jpg: UNKNOWN: unknown error, open 'C:\Users\User\Desktop\n\gearup-my\public\blog\gig-video-perniagaan-kecil-malaysia.jpg' ||| STACK: Error: UNKNOWN: unknown error, open 'C:\Users\User\Desktop\n\gearup-my\public\blog\gig-video-perniagaan-kecil-malaysia.jpg' //     at Object.openSync (node:fs:555:18) //     at writeFileSync (node:fs:2405:35) //     at processFile (file:///C:/Users/User/Desktop/n/gearup-my/scripts/normalize-image-aspects.mjs:88:3)
[2026-10-05T20:45:49.479Z] !! harga-sony-camera-malaysia.jpg: UNKNOWN: unknown error, open 'C:\Users\User\Desktop\n\gearup-my\public\blog\harga-sony-camera-malaysia.jpg' ||| STACK: Error: UNKNOWN: unknown error, open 'C:\Users\User\Desktop\n\gearup-my\public\blog\harga-sony-camera-malaysia.jpg' //     at Object.openSync (node:fs:555:18) //     at writeFileSync (node:fs:2405:35) //     at processFile (file:///C:/Users/User/Desktop/n/gearup-my/scripts/normalize-image-aspects.mjs:88:3)
[2026-10-05T20:45:50.032Z] !! hikvision-8-camera-nvr-factory-malaysia.jpg: UNKNOWN: unknown error, open 'C:\Users\User\Desktop\n\gearup-my\public\blog\hikvision-8-camera-nvr-factory-malaysia.jpg' ||| STACK: Error: UNKNOWN: unknown error, open 'C:\Users\User\Desktop\n\gearup-my\public\blog\hikvision-8-camera-nvr-factory-malaysia.jpg' //     at Object.openSync (node:fs:555:18) //     at writeFileSync (node:fs:2405:35) //     at processFile (file:///C:/Users/User/Desktop/n/gearup-my/scripts/normalize-image-aspects.mjs:88:3)
[2026-10-05T20:45:50.266Z] !! insta360-ace-pro-2-review-malaysia.jpg: UNKNOWN: unknown error, open 'C:\Users\User\Desktop\n\gearup-my\public\blog\insta360-ace-pro-2-review-malaysia.jpg' ||| STACK: Error: UNKNOWN: unknown error, open 'C:\Users\User\Desktop\n\gearup-my\public\blog\insta360-ace-pro-2-review-malaysia.jpg' //     at Object.openSync (node:fs:555:18) //     at writeFileSync (node:fs:2405:35) //     at processFile (file:///C:/Users/User/Desktop/n/gearup-my/scripts/normalize-image-aspects.mjs:88:3)
[2026-10-05T20:45:50.609Z] !! insta360-luna-vs-dslr-photography-malaysia.jpg: UNKNOWN: unknown error, open 'C:\Users\User\Desktop\n\gearup-my\public\blog\insta360-luna-vs-dslr-photography-malaysia.jpg' ||| STACK: Error: UNKNOWN: unknown error, open 'C:\Users\User\Desktop\n\gearup-my\public\blog\insta360-luna-vs-dslr-photography-malaysia.jpg' //     at Object.openSync (node:fs:555:18) //     at writeFileSync (node:fs:2405:35) //     at processFile (file:///C:/Users/User/Desktop/n/gearup-my/scripts/normalize-image-aspects.mjs:88:3)
[2026-10-05T20:45:50.709Z] !! insta360-vs-gopro-which-buy-malaysia-2026.jpg: UNKNOWN: unknown error, open 'C:\Users\User\Desktop\n\gearup-my\public\blog\insta360-vs-gopro-which-buy-malaysia-2026.jpg' ||| STACK: Error: UNKNOWN: unknown error, open 'C:\Users\User\Desktop\n\gearup-my\public\blog\insta360-vs-gopro-which-buy-malaysia-2026.jpg' //     at Object.openSync (node:fs:555:18) //     at writeFileSync (node:fs:2405:35) //     at processFile (file:///C:/Users/User/Desktop/n/gearup-my/scripts/normalize-image-aspects.mjs:88:3)
[2026-10-05T20:45:51.077Z] !! insta360-x4-review-malaysia.jpg: UNKNOWN: unknown error, open 'C:\Users\User\Desktop\n\gearup-my\public\blog\insta360-x4-review-malaysia.jpg' ||| STACK: Error: UNKNOWN: unknown error, open 'C:\Users\User\Desktop\n\gearup-my\public\blog\insta360-x4-review-malaysia.jpg' //     at Object.openSync (node:fs:555:18) //     at writeFileSync (node:fs:2405:35) //     at processFile (file:///C:/Users/User/Desktop/n/gearup-my/scripts/normalize-image-aspects.mjs:88:3)
[2026-10-05T20:45:51.088Z] note (non-jpg, left as-is): insta360-x5-review-malaysia.webp 1920x2882
[2026-10-05T20:45:51.467Z] !! iphone-15-content-creation-malaysia.jpg: UNKNOWN: unknown error, open 'C:\Users\User\Desktop\n\gearup-my\public\blog\iphone-15-content-creation-malaysia.jpg' ||| STACK: Error: UNKNOWN: unknown error, open 'C:\Users\User\Desktop\n\gearup-my\public\blog\iphone-15-content-creation-malaysia.jpg' //     at Object.openSync (node:fs:555:18) //     at writeFileSync (node:fs:2405:35) //     at processFile (file:///C:/Users/User/Desktop/n/gearup-my/scripts/normalize-image-aspects.mjs:88:3)
[2026-10-05T20:45:51.824Z] !! iphone-16-pro-content-creation-malaysia.jpg: UNKNOWN: unknown error, open 'C:\Users\User\Desktop\n\gearup-my\public\blog\iphone-16-pro-content-creation-malaysia.jpg' ||| STACK: Error: UNKNOWN: unknown error, open 'C:\Users\User\Desktop\n\gearup-my\public\blog\iphone-16-pro-content-creation-malaysia.jpg' //     at Object.openSync (node:fs:555:18) //     at writeFileSync (node:fs:2405:35) //     at processFile (file:///C:/Users/User/Desktop/n/gearup-my/scripts/normalize-image-aspects.mjs:88:3)
[2026-10-05T20:45:52.046Z] !! iphone-17-pro-content-creation-malaysia.jpg: UNKNOWN: unknown error, open 'C:\Users\User\Desktop\n\gearup-my\public\blog\iphone-17-pro-content-creation-malaysia.jpg' ||| STACK: Error: UNKNOWN: unknown error, open 'C:\Users\User\Desktop\n\gearup-my\public\blog\iphone-17-pro-content-creation-malaysia.jpg' //     at Object.openSync (node:fs:555:18) //     at writeFileSync (node:fs:2405:35) //     at processFile (file:///C:/Users/User/Desktop/n/gearup-my/scripts/normalize-image-aspects.mjs:88:3)
[2026-10-05T20:45:52.216Z] !! iphone-17-pro-vs-mirrorless-malaysia-2026.jpg: UNKNOWN: unknown error, open 'C:\Users\User\Desktop\n\gearup-my\public\blog\iphone-17-pro-vs-mirrorless-malaysia-2026.jpg' ||| STACK: Error: UNKNOWN: unknown error, open 'C:\Users\User\Desktop\n\gearup-my\public\blog\iphone-17-pro-vs-mirrorless-malaysia-2026.jpg' //     at Object.openSync (node:fs:555:18) //     at writeFileSync (node:fs:2405:35) //     at processFile (file:///C:/Users/User/Desktop/n/gearup-my/scripts/normalize-image-aspects.mjs:88:3)
[2026-10-05T20:45:52.610Z] !! iphone-vs-mirrorless-camera-content-creation-malaysia.jpg: UNKNOWN: unknown error, open 'C:\Users\User\Desktop\n\gearup-my\public\blog\iphone-vs-mirrorless-camera-content-creation-malaysia.jpg' ||| STACK: Error: UNKNOWN: unknown error, open 'C:\Users\User\Desktop\n\gearup-my\public\blog\iphone-vs-mirrorless-camera-content-creation-malaysia.jpg' //     at Object.openSync (node:fs:555:18) //     at writeFileSync (node:fs:2405:35) //     at processFile (file:///C:/Users/User/Desktop/n/gearup-my/scripts/normalize-image-aspects.mjs:88:3)
[2026-10-05T20:45:53.012Z] !! japan-camera-market.jpg: UNKNOWN: unknown error, open 'C:\Users\User\Desktop\n\gearup-my\public\blog\japan-camera-market.jpg' ||| STACK: Error: UNKNOWN: unknown error, open 'C:\Users\User\Desktop\n\gearup-my\public\blog\japan-camera-market.jpg' //     at Object.openSync (node:fs:555:18) //     at writeFileSync (node:fs:2405:35) //     at processFile (file:///C:/Users/User/Desktop/n/gearup-my/scripts/normalize-image-aspects.mjs:88:3)
[2026-10-05T20:45:53.151Z] !! kamera-bawah-rm2000-malaysia.jpg: UNKNOWN: unknown error, open 'C:\Users\User\Desktop\n\gearup-my\public\blog\kamera-bawah-rm2000-malaysia.jpg' ||| STACK: Error: UNKNOWN: unknown error, open 'C:\Users\User\Desktop\n\gearup-my\public\blog\kamera-bawah-rm2000-malaysia.jpg' //     at Object.openSync (node:fs:555:18) //     at writeFileSync (node:fs:2405:35) //     at processFile (file:///C:/Users/User/Desktop/n/gearup-my/scripts/normalize-image-aspects.mjs:88:3)
[2026-10-05T20:45:53.320Z] !! kamera-murah-bawah-rm1000.jpg: UNKNOWN: unknown error, open 'C:\Users\User\Desktop\n\gearup-my\public\blog\kamera-murah-bawah-rm1000.jpg' ||| STACK: Error: UNKNOWN: unknown error, open 'C:\Users\User\Desktop\n\gearup-my\public\blog\kamera-murah-bawah-rm1000.jpg' //     at Object.openSync (node:fs:555:18) //     at writeFileSync (node:fs:2405:35) //     at processFile (file:///C:/Users/User/Desktop/n/gearup-my/scripts/normalize-image-aspects.mjs:88:3)
[2026-10-05T20:45:53.552Z] !! kamera-untuk-photography-malaysia.jpg: UNKNOWN: unknown error, open 'C:\Users\User\Desktop\n\gearup-my\public\blog\kamera-untuk-photography-malaysia.jpg' ||| STACK: Error: UNKNOWN: unknown error, open 'C:\Users\User\Desktop\n\gearup-my\public\blog\kamera-untuk-photography-malaysia.jpg' //     at Object.openSync (node:fs:555:18) //     at writeFileSync (node:fs:2405:35) //     at processFile (file:///C:/Users/User/Desktop/n/gearup-my/scripts/normalize-image-aspects.mjs:88:3)
[2026-10-05T20:45:53.919Z] !! konten-bisnes-kecil-retainer-content-creator-malaysia.jpg: UNKNOWN: unknown error, open 'C:\Users\User\Desktop\n\gearup-my\public\blog\konten-bisnes-kecil-retainer-content-creator-malaysia.jpg' ||| STACK: Error: UNKNOWN: unknown error, open 'C:\Users\User\Desktop\n\gearup-my\public\blog\konten-bisnes-kecil-retainer-content-creator-malaysia.jpg' //     at Object.openSync (node:fs:555:18) //     at writeFileSync (node:fs:2405:35) //     at processFile (file:///C:/Users/User/Desktop/n/gearup-my/scripts/normalize-image-aspects.mjs:88:3)
[2026-10-05T20:45:54.132Z] !! mic-terbaik-tiktok-live-malaysia.jpg: UNKNOWN: unknown error, open 'C:\Users\User\Desktop\n\gearup-my\public\blog\mic-terbaik-tiktok-live-malaysia.jpg' ||| STACK: Error: UNKNOWN: unknown error, open 'C:\Users\User\Desktop\n\gearup-my\public\blog\mic-terbaik-tiktok-live-malaysia.jpg' //     at Object.openSync (node:fs:555:18) //     at writeFileSync (node:fs:2405:35) //     at processFile (file:///C:/Users/User/Desktop/n/gearup-my/scripts/normalize-image-aspects.mjs:88:3)
[2026-10-05T20:45:54.335Z] !! mirrorless-vs-dslr-malaysia.jpg: UNKNOWN: unknown error, open 'C:\Users\User\Desktop\n\gearup-my\public\blog\mirrorless-vs-dslr-malaysia.jpg' ||| STACK: Error: UNKNOWN: unknown error, open 'C:\Users\User\Desktop\n\gearup-my\public\blog\mirrorless-vs-dslr-malaysia.jpg' //     at Object.openSync (node:fs:555:18) //     at writeFileSync (node:fs:2405:35) //     at processFile (file:///C:/Users/User/Desktop/n/gearup-my/scripts/normalize-image-aspects.mjs:88:3)
[2026-10-05T20:45:54.602Z] !! nikon-d3100-vs-sony-a6100-which-better-malaysia.jpg: UNKNOWN: unknown error, open 'C:\Users\User\Desktop\n\gearup-my\public\blog\nikon-d3100-vs-sony-a6100-which-better-malaysia.jpg' ||| STACK: Error: UNKNOWN: unknown error, open 'C:\Users\User\Desktop\n\gearup-my\public\blog\nikon-d3100-vs-sony-a6100-which-better-malaysia.jpg' //     at Object.openSync (node:fs:555:18) //     at writeFileSync (node:fs:2405:35) //     at processFile (file:///C:/Users/User/Desktop/n/gearup-my/scripts/normalize-image-aspects.mjs:88:3)
[2026-10-05T20:45:54.815Z] !! nikon-d500-reality-check-2026.jpg: UNKNOWN: unknown error, open 'C:\Users\User\Desktop\n\gearup-my\public\blog\nikon-d500-reality-check-2026.jpg' ||| STACK: Error: UNKNOWN: unknown error, open 'C:\Users\User\Desktop\n\gearup-my\public\blog\nikon-d500-reality-check-2026.jpg' //     at Object.openSync (node:fs:555:18) //     at writeFileSync (node:fs:2405:35) //     at processFile (file:///C:/Users/User/Desktop/n/gearup-my/scripts/normalize-image-aspects.mjs:88:3)
[2026-10-05T20:45:55.095Z] !! nikon-d7200-review-malaysia.jpg: UNKNOWN: unknown error, open 'C:\Users\User\Desktop\n\gearup-my\public\blog\nikon-d7200-review-malaysia.jpg' ||| STACK: Error: UNKNOWN: unknown error, open 'C:\Users\User\Desktop\n\gearup-my\public\blog\nikon-d7200-review-malaysia.jpg' //     at Object.openSync (node:fs:555:18) //     at writeFileSync (node:fs:2405:35) //     at processFile (file:///C:/Users/User/Desktop/n/gearup-my/scripts/normalize-image-aspects.mjs:88:3)
[2026-10-05T20:45:55.323Z] !! nikon-z50-ii-review-malaysia.jpg: UNKNOWN: unknown error, open 'C:\Users\User\Desktop\n\gearup-my\public\blog\nikon-z50-ii-review-malaysia.jpg' ||| STACK: Error: UNKNOWN: unknown error, open 'C:\Users\User\Desktop\n\gearup-my\public\blog\nikon-z50-ii-review-malaysia.jpg' //     at Object.openSync (node:fs:555:18) //     at writeFileSync (node:fs:2405:35) //     at processFile (file:///C:/Users/User/Desktop/n/gearup-my/scripts/normalize-image-aspects.mjs:88:3)
[2026-10-05T20:45:55.590Z] !! old-dslr-era-60d-d3100-gig-payoff-malaysia.jpg: UNKNOWN: unknown error, open 'C:\Users\User\Desktop\n\gearup-my\public\blog\old-dslr-era-60d-d3100-gig-payoff-malaysia.jpg' ||| STACK: Error: UNKNOWN: unknown error, open 'C:\Users\User\Desktop\n\gearup-my\public\blog\old-dslr-era-60d-d3100-gig-payoff-malaysia.jpg' //     at Object.openSync (node:fs:555:18) //     at writeFileSync (node:fs:2405:35) //     at processFile (file:///C:/Users/User/Desktop/n/gearup-my/scripts/normalize-image-aspects.mjs:88:3)
[2026-10-05T20:45:55.937Z] !! osmo-action-6-pro-vs-gopro-hero-14-malaysia.jpg: UNKNOWN: unknown error, open 'C:\Users\User\Desktop\n\gearup-my\public\blog\osmo-action-6-pro-vs-gopro-hero-14-malaysia.jpg' ||| STACK: Error: UNKNOWN: unknown error, open 'C:\Users\User\Desktop\n\gearup-my\public\blog\osmo-action-6-pro-vs-gopro-hero-14-malaysia.jpg' //     at Object.openSync (node:fs:555:18) //     at writeFileSync (node:fs:2405:35) //     at processFile (file:///C:/Users/User/Desktop/n/gearup-my/scripts/normalize-image-aspects.mjs:88:3)
[2026-10-05T20:45:56.125Z] !! panasonic-lumix-s9-review-malaysia.jpg: UNKNOWN: unknown error, open 'C:\Users\User\Desktop\n\gearup-my\public\blog\panasonic-lumix-s9-review-malaysia.jpg' ||| STACK: Error: UNKNOWN: unknown error, open 'C:\Users\User\Desktop\n\gearup-my\public\blog\panasonic-lumix-s9-review-malaysia.jpg' //     at Object.openSync (node:fs:555:18) //     at writeFileSync (node:fs:2405:35) //     at processFile (file:///C:/Users/User/Desktop/n/gearup-my/scripts/normalize-image-aspects.mjs:88:3)
[2026-10-05T20:45:56.497Z] !! panduan-harga-gig-fotografi-malaysia-2026.jpg: UNKNOWN: unknown error, open 'C:\Users\User\Desktop\n\gearup-my\public\blog\panduan-harga-gig-fotografi-malaysia-2026.jpg' ||| STACK: Error: UNKNOWN: unknown error, open 'C:\Users\User\Desktop\n\gearup-my\public\blog\panduan-harga-gig-fotografi-malaysia-2026.jpg' //     at Object.openSync (node:fs:555:18) //     at writeFileSync (node:fs:2405:35) //     at processFile (file:///C:/Users/User/Desktop/n/gearup-my/scripts/normalize-image-aspects.mjs:88:3)
[2026-10-05T20:45:56.816Z] !! philippines-vlogging-gear.jpg: UNKNOWN: unknown error, open 'C:\Users\User\Desktop\n\gearup-my\public\blog\philippines-vlogging-gear.jpg' ||| STACK: Error: UNKNOWN: unknown error, open 'C:\Users\User\Desktop\n\gearup-my\public\blog\philippines-vlogging-gear.jpg' //     at Object.openSync (node:fs:555:18) //     at writeFileSync (node:fs:2405:35) //     at processFile (file:///C:/Users/User/Desktop/n/gearup-my/scripts/normalize-image-aspects.mjs:88:3)
[2026-10-05T20:45:56.955Z] !! photography-vs-video-camera-malaysia-beginners.jpg: UNKNOWN: unknown error, open 'C:\Users\User\Desktop\n\gearup-my\public\blog\photography-vs-video-camera-malaysia-beginners.jpg' ||| STACK: Error: UNKNOWN: unknown error, open 'C:\Users\User\Desktop\n\gearup-my\public\blog\photography-vs-video-camera-malaysia-beginners.jpg' //     at Object.openSync (node:fs:555:18) //     at writeFileSync (node:fs:2405:35) //     at processFile (file:///C:/Users/User/Desktop/n/gearup-my/scripts/normalize-image-aspects.mjs:88:3)
[2026-10-05T20:45:57.150Z] !! product-photography-ecommerce-gig-malaysia.jpg: UNKNOWN: unknown error, open 'C:\Users\User\Desktop\n\gearup-my\public\blog\product-photography-ecommerce-gig-malaysia.jpg' ||| STACK: Error: UNKNOWN: unknown error, open 'C:\Users\User\Desktop\n\gearup-my\public\blog\product-photography-ecommerce-gig-malaysia.jpg' //     at Object.openSync (node:fs:555:18) //     at writeFileSync (node:fs:2405:35) //     at processFile (file:///C:/Users/User/Desktop/n/gearup-my/scripts/normalize-image-aspects.mjs:88:3)
[2026-10-05T20:45:57.772Z] !! real-estate-media-gig-malaysia.jpg: UNKNOWN: unknown error, open 'C:\Users\User\Desktop\n\gearup-my\public\blog\real-estate-media-gig-malaysia.jpg' ||| STACK: Error: UNKNOWN: unknown error, open 'C:\Users\User\Desktop\n\gearup-my\public\blog\real-estate-media-gig-malaysia.jpg' //     at Object.openSync (node:fs:555:18) //     at writeFileSync (node:fs:2405:35) //     at processFile (file:///C:/Users/User/Desktop/n/gearup-my/scripts/normalize-image-aspects.mjs:88:3)
[2026-10-05T20:45:58.130Z] !! samsung-galaxy-s25-ultra-review-malaysia.jpg: UNKNOWN: unknown error, open 'C:\Users\User\Desktop\n\gearup-my\public\blog\samsung-galaxy-s25-ultra-review-malaysia.jpg' ||| STACK: Error: UNKNOWN: unknown error, open 'C:\Users\User\Desktop\n\gearup-my\public\blog\samsung-galaxy-s25-ultra-review-malaysia.jpg' //     at Object.openSync (node:fs:555:18) //     at writeFileSync (node:fs:2405:35) //     at processFile (file:///C:/Users/User/Desktop/n/gearup-my/scripts/normalize-image-aspects.mjs:88:3)
[2026-10-05T20:45:58.556Z] !! second-hand-camera-buying-guide.jpg: UNKNOWN: unknown error, open 'C:\Users\User\Desktop\n\gearup-my\public\blog\second-hand-camera-buying-guide.jpg' ||| STACK: Error: UNKNOWN: unknown error, open 'C:\Users\User\Desktop\n\gearup-my\public\blog\second-hand-camera-buying-guide.jpg' //     at Object.openSync (node:fs:555:18) //     at writeFileSync (node:fs:2405:35) //     at processFile (file:///C:/Users/User/Desktop/n/gearup-my/scripts/normalize-image-aspects.mjs:88:3)
[2026-10-05T20:45:58.981Z] !! second-hand-camera-scams-malaysia.jpg: UNKNOWN: unknown error, open 'C:\Users\User\Desktop\n\gearup-my\public\blog\second-hand-camera-scams-malaysia.jpg' ||| STACK: Error: UNKNOWN: unknown error, open 'C:\Users\User\Desktop\n\gearup-my\public\blog\second-hand-camera-scams-malaysia.jpg' //     at Object.openSync (node:fs:555:18) //     at writeFileSync (node:fs:2405:35) //     at processFile (file:///C:/Users/User/Desktop/n/gearup-my/scripts/normalize-image-aspects.mjs:88:3)
[2026-10-05T20:45:59.189Z] !! side-income-umur-40-plus-fotografi-malaysia.jpg: UNKNOWN: unknown error, open 'C:\Users\User\Desktop\n\gearup-my\public\blog\side-income-umur-40-plus-fotografi-malaysia.jpg' ||| STACK: Error: UNKNOWN: unknown error, open 'C:\Users\User\Desktop\n\gearup-my\public\blog\side-income-umur-40-plus-fotografi-malaysia.jpg' //     at Object.openSync (node:fs:555:18) //     at writeFileSync (node:fs:2405:35) //     at processFile (file:///C:/Users/User/Desktop/n/gearup-my/scripts/normalize-image-aspects.mjs:88:3)
[2026-10-05T20:45:59.369Z] !! singapore-camera-rental-creator-gear.jpg: UNKNOWN: unknown error, open 'C:\Users\User\Desktop\n\gearup-my\public\blog\singapore-camera-rental-creator-gear.jpg' ||| STACK: Error: UNKNOWN: unknown error, open 'C:\Users\User\Desktop\n\gearup-my\public\blog\singapore-camera-rental-creator-gear.jpg' //     at Object.openSync (node:fs:555:18) //     at writeFileSync (node:fs:2405:35) //     at processFile (file:///C:/Users/User/Desktop/n/gearup-my/scripts/normalize-image-aspects.mjs:88:3)
[2026-10-05T20:45:59.695Z] !! sony-a6000-review-malaysia-second-hand.jpg: UNKNOWN: unknown error, open 'C:\Users\User\Desktop\n\gearup-my\public\blog\sony-a6000-review-malaysia-second-hand.jpg' ||| STACK: Error: UNKNOWN: unknown error, open 'C:\Users\User\Desktop\n\gearup-my\public\blog\sony-a6000-review-malaysia-second-hand.jpg' //     at Object.openSync (node:fs:555:18) //     at writeFileSync (node:fs:2405:35) //     at processFile (file:///C:/Users/User/Desktop/n/gearup-my/scripts/normalize-image-aspects.mjs:88:3)
[2026-10-05T20:45:59.934Z] !! sony-a6700-review-malaysia.jpg: UNKNOWN: unknown error, open 'C:\Users\User\Desktop\n\gearup-my\public\blog\sony-a6700-review-malaysia.jpg' ||| STACK: Error: UNKNOWN: unknown error, open 'C:\Users\User\Desktop\n\gearup-my\public\blog\sony-a6700-review-malaysia.jpg' //     at Object.openSync (node:fs:555:18) //     at writeFileSync (node:fs:2405:35) //     at processFile (file:///C:/Users/User/Desktop/n/gearup-my/scripts/normalize-image-aspects.mjs:88:3)
[2026-10-05T20:46:00.172Z] !! sony-a7c-ii-review-malaysia.jpg: UNKNOWN: unknown error, open 'C:\Users\User\Desktop\n\gearup-my\public\blog\sony-a7c-ii-review-malaysia.jpg' ||| STACK: Error: UNKNOWN: unknown error, open 'C:\Users\User\Desktop\n\gearup-my\public\blog\sony-a7c-ii-review-malaysia.jpg' //     at Object.openSync (node:fs:555:18) //     at writeFileSync (node:fs:2405:35) //     at processFile (file:///C:/Users/User/Desktop/n/gearup-my/scripts/normalize-image-aspects.mjs:88:3)
[2026-10-05T20:46:00.476Z] !! sony-zv-e10-review-malaysia-second-hand.jpg: UNKNOWN: unknown error, open 'C:\Users\User\Desktop\n\gearup-my\public\blog\sony-zv-e10-review-malaysia-second-hand.jpg' ||| STACK: Error: UNKNOWN: unknown error, open 'C:\Users\User\Desktop\n\gearup-my\public\blog\sony-zv-e10-review-malaysia-second-hand.jpg' //     at Object.openSync (node:fs:555:18) //     at writeFileSync (node:fs:2405:35) //     at processFile (file:///C:/Users/User/Desktop/n/gearup-my/scripts/normalize-image-aspects.mjs:88:3)
[2026-10-05T20:46:00.866Z] !! south-korea-creator-gear.jpg: UNKNOWN: unknown error, open 'C:\Users\User\Desktop\n\gearup-my\public\blog\south-korea-creator-gear.jpg' ||| STACK: Error: UNKNOWN: unknown error, open 'C:\Users\User\Desktop\n\gearup-my\public\blog\south-korea-creator-gear.jpg' //     at Object.openSync (node:fs:555:18) //     at writeFileSync (node:fs:2405:35) //     at processFile (file:///C:/Users/User/Desktop/n/gearup-my/scripts/normalize-image-aspects.mjs:88:3)
[2026-10-05T20:46:01.421Z] !! taiwan-camera-market.jpg: UNKNOWN: unknown error, open 'C:\Users\User\Desktop\n\gearup-my\public\blog\taiwan-camera-market.jpg' ||| STACK: Error: UNKNOWN: unknown error, open 'C:\Users\User\Desktop\n\gearup-my\public\blog\taiwan-camera-market.jpg' //     at Object.openSync (node:fs:555:18) //     at writeFileSync (node:fs:2405:35) //     at processFile (file:///C:/Users/User/Desktop/n/gearup-my/scripts/normalize-image-aspects.mjs:88:3)
[2026-10-05T20:46:01.605Z] !! tamron-17-50mm-vc-review-malaysia.jpg: UNKNOWN: unknown error, open 'C:\Users\User\Desktop\n\gearup-my\public\blog\tamron-17-50mm-vc-review-malaysia.jpg' ||| STACK: Error: UNKNOWN: unknown error, open 'C:\Users\User\Desktop\n\gearup-my\public\blog\tamron-17-50mm-vc-review-malaysia.jpg' //     at Object.openSync (node:fs:555:18) //     at writeFileSync (node:fs:2405:35) //     at processFile (file:///C:/Users/User/Desktop/n/gearup-my/scripts/normalize-image-aspects.mjs:88:3)
[2026-10-05T20:46:02.002Z] !! tapo-4-camera-wifi-retail-shop-malaysia.jpg: UNKNOWN: unknown error, open 'C:\Users\User\Desktop\n\gearup-my\public\blog\tapo-4-camera-wifi-retail-shop-malaysia.jpg' ||| STACK: Error: UNKNOWN: unknown error, open 'C:\Users\User\Desktop\n\gearup-my\public\blog\tapo-4-camera-wifi-retail-shop-malaysia.jpg' //     at Object.openSync (node:fs:555:18) //     at writeFileSync (node:fs:2405:35) //     at processFile (file:///C:/Users/User/Desktop/n/gearup-my/scripts/normalize-image-aspects.mjs:88:3)
[2026-10-05T20:46:02.287Z] !! tapo-c210-vs-c220-malaysia.jpg: UNKNOWN: unknown error, open 'C:\Users\User\Desktop\n\gearup-my\public\blog\tapo-c210-vs-c220-malaysia.jpg' ||| STACK: Error: UNKNOWN: unknown error, open 'C:\Users\User\Desktop\n\gearup-my\public\blog\tapo-c210-vs-c220-malaysia.jpg' //     at Object.openSync (node:fs:555:18) //     at writeFileSync (node:fs:2405:35) //     at processFile (file:///C:/Users/User/Desktop/n/gearup-my/scripts/normalize-image-aspects.mjs:88:3)
[2026-10-05T20:46:02.682Z] !! thailand-camera-gear.jpg: UNKNOWN: unknown error, open 'C:\Users\User\Desktop\n\gearup-my\public\blog\thailand-camera-gear.jpg' ||| STACK: Error: UNKNOWN: unknown error, open 'C:\Users\User\Desktop\n\gearup-my\public\blog\thailand-camera-gear.jpg' //     at Object.openSync (node:fs:555:18) //     at writeFileSync (node:fs:2405:35) //     at processFile (file:///C:/Users/User/Desktop/n/gearup-my/scripts/normalize-image-aspects.mjs:88:3)
[2026-10-05T20:46:02.864Z] !! tiktok-reels-shorts-strategy-malaysia-2026.jpg: UNKNOWN: unknown error, open 'C:\Users\User\Desktop\n\gearup-my\public\blog\tiktok-reels-shorts-strategy-malaysia-2026.jpg' ||| STACK: Error: UNKNOWN: unknown error, open 'C:\Users\User\Desktop\n\gearup-my\public\blog\tiktok-reels-shorts-strategy-malaysia-2026.jpg' //     at Object.openSync (node:fs:555:18) //     at writeFileSync (node:fs:2405:35) //     at processFile (file:///C:/Users/User/Desktop/n/gearup-my/scripts/normalize-image-aspects.mjs:88:3)
[2026-10-05T20:46:03.180Z] !! turning-50-panic-plan-content-side-hustle-malaysia.jpg: UNKNOWN: unknown error, open 'C:\Users\User\Desktop\n\gearup-my\public\blog\turning-50-panic-plan-content-side-hustle-malaysia.jpg' ||| STACK: Error: UNKNOWN: unknown error, open 'C:\Users\User\Desktop\n\gearup-my\public\blog\turning-50-panic-plan-content-side-hustle-malaysia.jpg' //     at Object.openSync (node:fs:555:18) //     at writeFileSync (node:fs:2405:35) //     at processFile (file:///C:/Users/User/Desktop/n/gearup-my/scripts/normalize-image-aspects.mjs:88:3)
[2026-10-05T20:46:03.299Z] !! turning-50-second-act-gig-guide-malaysia.jpg: UNKNOWN: unknown error, open 'C:\Users\User\Desktop\n\gearup-my\public\blog\turning-50-second-act-gig-guide-malaysia.jpg' ||| STACK: Error: UNKNOWN: unknown error, open 'C:\Users\User\Desktop\n\gearup-my\public\blog\turning-50-second-act-gig-guide-malaysia.jpg' //     at Object.openSync (node:fs:555:18) //     at writeFileSync (node:fs:2405:35) //     at processFile (file:///C:/Users/User/Desktop/n/gearup-my/scripts/normalize-image-aspects.mjs:88:3)
[2026-10-05T20:46:03.496Z] !! video-stabilization-ibis-gimbal-tripod-malaysia.jpg: UNKNOWN: unknown error, open 'C:\Users\User\Desktop\n\gearup-my\public\blog\video-stabilization-ibis-gimbal-tripod-malaysia.jpg' ||| STACK: Error: UNKNOWN: unknown error, open 'C:\Users\User\Desktop\n\gearup-my\public\blog\video-stabilization-ibis-gimbal-tripod-malaysia.jpg' //     at Object.openSync (node:fs:555:18) //     at writeFileSync (node:fs:2405:35) //     at processFile (file:///C:/Users/User/Desktop/n/gearup-my/scripts/normalize-image-aspects.mjs:88:3)
[2026-10-05T20:46:03.700Z] !! wedding-photography-side-hustle-malaysia.jpg: UNKNOWN: unknown error, open 'C:\Users\User\Desktop\n\gearup-my\public\blog\wedding-photography-side-hustle-malaysia.jpg' ||| STACK: Error: UNKNOWN: unknown error, open 'C:\Users\User\Desktop\n\gearup-my\public\blog\wedding-photography-side-hustle-malaysia.jpg' //     at Object.openSync (node:fs:555:18) //     at writeFileSync (node:fs:2405:35) //     at processFile (file:///C:/Users/User/Desktop/n/gearup-my/scripts/normalize-image-aspects.mjs:88:3)
[2026-10-05T20:46:03.913Z] !! xiaomi-14-ultra-review-malaysia.jpg: UNKNOWN: unknown error, open 'C:\Users\User\Desktop\n\gearup-my\public\blog\xiaomi-14-ultra-review-malaysia.jpg' ||| STACK: Error: UNKNOWN: unknown error, open 'C:\Users\User\Desktop\n\gearup-my\public\blog\xiaomi-14-ultra-review-malaysia.jpg' //     at Object.openSync (node:fs:555:18) //     at writeFileSync (node:fs:2405:35) //     at processFile (file:///C:/Users/User/Desktop/n/gearup-my/scripts/normalize-image-aspects.mjs:88:3)
[2026-10-05T20:46:04.220Z] !! xiaomi-15-ultra-review-malaysia.jpg: UNKNOWN: unknown error, open 'C:\Users\User\Desktop\n\gearup-my\public\blog\xiaomi-15-ultra-review-malaysia.jpg' ||| STACK: Error: UNKNOWN: unknown error, open 'C:\Users\User\Desktop\n\gearup-my\public\blog\xiaomi-15-ultra-review-malaysia.jpg' //     at Object.openSync (node:fs:555:18) //     at writeFileSync (node:fs:2405:35) //     at processFile (file:///C:/Users/User/Desktop/n/gearup-my/scripts/normalize-image-aspects.mjs:88:3)
[2026-10-05T20:46:04.229Z] round 1: 86 file(s) locked by system - retrying in 5s
[2026-10-05T20:46:31.828Z] round 2: 86 file(s) locked by system - retrying in 5s
[2026-10-05T20:46:59.129Z] round 3: 86 file(s) locked by system - retrying in 5s
[2026-10-05T20:47:25.893Z] round 4: 86 file(s) locked by system - retrying in 5s
[2026-10-05T20:47:52.680Z] round 5: 86 file(s) locked by system - retrying in 5s
[2026-10-05T20:48:19.347Z] round 6: 86 file(s) locked by system - retrying in 5s
[2026-10-05T20:48:24.354Z] done: 248 files, re-encoded 0, unchanged 162, GAVE UP on 86 (locked): age-50-vs-age-25-content-creator-malaysia.jpg, beli-kamera-kredit-vs-simpan-malaysia.jpg, berapa-gig-untuk-bayar-camera.jpg, best-budget-lapel-microphone-malaysia-audio-guide.jpg, best-camera-beginners-malaysia-2026.jpg, best-camera-content-creator-malaysia.jpg, best-drone-malaysia-2026.jpg, best-first-lens-malaysia.jpg, best-tripod-phone-camera-malaysia-guide.jpg, best-vlogging-camera-malaysia-2026.jpg, buat-video-guna-handphone-cabaran-30-hari.jpg, camera-price-guide-malaysia-2026.jpg, camera-roi-calculator-malaysia.jpg, camera-sd-card-speed-guide-malaysia.jpg, camera-under-2000-malaysia-2026.jpg, canon-eos-r50-vs-sony-a6100-which-better-malaysia.jpg, cara-buat-portfolio-fotografi-malaysia.jpg, cara-jadi-content-creator-tanpa-modal-malaysia.jpg, cara-mula-photography-dengan-rm500.jpg, cctv-installer-gig-side-hustle-malaysia.jpg, cctv-keselamatan-pekerja-sistem-ai-kilang-malaysia.jpg, cctv-pantau-ibu-bapa-lansia-malaysia.jpg, content-calendar-malaysia-creators.jpg, content-creator-gear-roi-malaysia-calculator.jpg, dji-mini-3-pro-vs-mini-4-pro-malaysia.jpg, dji-vs-instax360-malaysia.jpg, drone-license-registration-malaysia-2026.jpg, food-content-creation-gig-malaysia.jpg, full-frame-vs-crop-sensor-malaysia.jpg, gig-fotografi-dron-hartanah-malaysia.jpg, gig-fotografi-makanan-malaysia.jpg, gig-fotografi-potret-sambilan-malaysia.jpg, gig-fotografi-produk-shopee-lazada-malaysia.jpg, gig-video-perniagaan-kecil-malaysia.jpg, harga-sony-camera-malaysia.jpg, hikvision-8-camera-nvr-factory-malaysia.jpg, insta360-ace-pro-2-review-malaysia.jpg, insta360-luna-vs-dslr-photography-malaysia.jpg, insta360-vs-gopro-which-buy-malaysia-2026.jpg, insta360-x4-review-malaysia.jpg, iphone-15-content-creation-malaysia.jpg, iphone-16-pro-content-creation-malaysia.jpg, iphone-17-pro-content-creation-malaysia.jpg, iphone-17-pro-vs-mirrorless-malaysia-2026.jpg, iphone-vs-mirrorless-camera-content-creation-malaysia.jpg, japan-camera-market.jpg, kamera-bawah-rm2000-malaysia.jpg, kamera-murah-bawah-rm1000.jpg, kamera-untuk-photography-malaysia.jpg, konten-bisnes-kecil-retainer-content-creator-malaysia.jpg, mic-terbaik-tiktok-live-malaysia.jpg, mirrorless-vs-dslr-malaysia.jpg, nikon-d3100-vs-sony-a6100-which-better-malaysia.jpg, nikon-d500-reality-check-2026.jpg, nikon-d7200-review-malaysia.jpg, nikon-z50-ii-review-malaysia.jpg, old-dslr-era-60d-d3100-gig-payoff-malaysia.jpg, osmo-action-6-pro-vs-gopro-hero-14-malaysia.jpg, panasonic-lumix-s9-review-malaysia.jpg, panduan-harga-gig-fotografi-malaysia-2026.jpg, philippines-vlogging-gear.jpg, photography-vs-video-camera-malaysia-beginners.jpg, product-photography-ecommerce-gig-malaysia.jpg, real-estate-media-gig-malaysia.jpg, samsung-galaxy-s25-ultra-review-malaysia.jpg, second-hand-camera-buying-guide.jpg, second-hand-camera-scams-malaysia.jpg, side-income-umur-40-plus-fotografi-malaysia.jpg, singapore-camera-rental-creator-gear.jpg, sony-a6000-review-malaysia-second-hand.jpg, sony-a6700-review-malaysia.jpg, sony-a7c-ii-review-malaysia.jpg, sony-zv-e10-review-malaysia-second-hand.jpg, south-korea-creator-gear.jpg, taiwan-camera-market.jpg, tamron-17-50mm-vc-review-malaysia.jpg, tapo-4-camera-wifi-retail-shop-malaysia.jpg, tapo-c210-vs-c220-malaysia.jpg, thailand-camera-gear.jpg, tiktok-reels-shorts-strategy-malaysia-2026.jpg, turning-50-panic-plan-content-side-hustle-malaysia.jpg, turning-50-second-act-gig-guide-malaysia.jpg, video-stabilization-ibis-gimbal-tripod-malaysia.jpg, wedding-photography-side-hustle-malaysia.jpg, xiaomi-14-ultra-review-malaysia.jpg, xiaomi-15-ultra-review-malaysia.jpg
[2026-10-05T20:50:03.087Z] !! age-50-vs-age-25-content-creator-malaysia.jpg: UNKNOWN: unknown error, open 'C:\Users\User\Desktop\n\gearup-my\public\blog\age-50-vs-age-25-content-creator-malaysia.jpg' ||| STACK: Error: UNKNOWN: unknown error, open 'C:\Users\User\Desktop\n\gearup-my\public\blog\age-50-vs-age-25-content-creator-malaysia.jpg' //     at Object.openSync (node:fs:555:18) //     at writeFileSync (node:fs:2405:35) //     at processFile (file:///C:/Users/User/Desktop/n/gearup-my/scripts/normalize-image-aspects.mjs:94:7)
[2026-10-05T20:50:05.785Z] !! beli-kamera-kredit-vs-simpan-malaysia.jpg: UNKNOWN: unknown error, open 'C:\Users\User\Desktop\n\gearup-my\public\blog\beli-kamera-kredit-vs-simpan-malaysia.jpg' ||| STACK: Error: UNKNOWN: unknown error, open 'C:\Users\User\Desktop\n\gearup-my\public\blog\beli-kamera-kredit-vs-simpan-malaysia.jpg' //     at Object.openSync (node:fs:555:18) //     at writeFileSync (node:fs:2405:35) //     at processFile (file:///C:/Users/User/Desktop/n/gearup-my/scripts/normalize-image-aspects.mjs:94:7)
[2026-10-05T20:50:08.034Z] !! berapa-gig-untuk-bayar-camera.jpg: UNKNOWN: unknown error, open 'C:\Users\User\Desktop\n\gearup-my\public\blog\berapa-gig-untuk-bayar-camera.jpg' ||| STACK: Error: UNKNOWN: unknown error, open 'C:\Users\User\Desktop\n\gearup-my\public\blog\berapa-gig-untuk-bayar-camera.jpg' //     at Object.openSync (node:fs:555:18) //     at writeFileSync (node:fs:2405:35) //     at processFile (file:///C:/Users/User/Desktop/n/gearup-my/scripts/normalize-image-aspects.mjs:94:7)
[2026-10-05T20:50:10.328Z] !! best-budget-lapel-microphone-malaysia-audio-guide.jpg: UNKNOWN: unknown error, open 'C:\Users\User\Desktop\n\gearup-my\public\blog\best-budget-lapel-microphone-malaysia-audio-guide.jpg' ||| STACK: Error: UNKNOWN: unknown error, open 'C:\Users\User\Desktop\n\gearup-my\public\blog\best-budget-lapel-microphone-malaysia-audio-guide.jpg' //     at Object.openSync (node:fs:555:18) //     at writeFileSync (node:fs:2405:35) //     at processFile (file:///C:/Users/User/Desktop/n/gearup-my/scripts/normalize-image-aspects.mjs:94:7)
[2026-10-05T20:50:12.601Z] !! best-camera-beginners-malaysia-2026.jpg: UNKNOWN: unknown error, open 'C:\Users\User\Desktop\n\gearup-my\public\blog\best-camera-beginners-malaysia-2026.jpg' ||| STACK: Error: UNKNOWN: unknown error, open 'C:\Users\User\Desktop\n\gearup-my\public\blog\best-camera-beginners-malaysia-2026.jpg' //     at Object.openSync (node:fs:555:18) //     at writeFileSync (node:fs:2405:35) //     at processFile (file:///C:/Users/User/Desktop/n/gearup-my/scripts/normalize-image-aspects.mjs:94:7)
[2026-10-05T20:50:14.994Z] !! best-camera-content-creator-malaysia.jpg: UNKNOWN: unknown error, open 'C:\Users\User\Desktop\n\gearup-my\public\blog\best-camera-content-creator-malaysia.jpg' ||| STACK: Error: UNKNOWN: unknown error, open 'C:\Users\User\Desktop\n\gearup-my\public\blog\best-camera-content-creator-malaysia.jpg' //     at Object.openSync (node:fs:555:18) //     at writeFileSync (node:fs:2405:35) //     at processFile (file:///C:/Users/User/Desktop/n/gearup-my/scripts/normalize-image-aspects.mjs:94:7)
[2026-10-05T20:50:17.298Z] !! best-drone-malaysia-2026.jpg: UNKNOWN: unknown error, open 'C:\Users\User\Desktop\n\gearup-my\public\blog\best-drone-malaysia-2026.jpg' ||| STACK: Error: UNKNOWN: unknown error, open 'C:\Users\User\Desktop\n\gearup-my\public\blog\best-drone-malaysia-2026.jpg' //     at Object.openSync (node:fs:555:18) //     at writeFileSync (node:fs:2405:35) //     at processFile (file:///C:/Users/User/Desktop/n/gearup-my/scripts/normalize-image-aspects.mjs:94:7)
[2026-10-05T20:50:19.547Z] !! best-first-lens-malaysia.jpg: UNKNOWN: unknown error, open 'C:\Users\User\Desktop\n\gearup-my\public\blog\best-first-lens-malaysia.jpg' ||| STACK: Error: UNKNOWN: unknown error, open 'C:\Users\User\Desktop\n\gearup-my\public\blog\best-first-lens-malaysia.jpg' //     at Object.openSync (node:fs:555:18) //     at writeFileSync (node:fs:2405:35) //     at processFile (file:///C:/Users/User/Desktop/n/gearup-my/scripts/normalize-image-aspects.mjs:94:7)
[2026-10-05T20:50:22.029Z] !! best-tripod-phone-camera-malaysia-guide.jpg: UNKNOWN: unknown error, open 'C:\Users\User\Desktop\n\gearup-my\public\blog\best-tripod-phone-camera-malaysia-guide.jpg' ||| STACK: Error: UNKNOWN: unknown error, open 'C:\Users\User\Desktop\n\gearup-my\public\blog\best-tripod-phone-camera-malaysia-guide.jpg' //     at Object.openSync (node:fs:555:18) //     at writeFileSync (node:fs:2405:35) //     at processFile (file:///C:/Users/User/Desktop/n/gearup-my/scripts/normalize-image-aspects.mjs:94:7)
[2026-10-05T20:50:24.312Z] !! best-vlogging-camera-malaysia-2026.jpg: UNKNOWN: unknown error, open 'C:\Users\User\Desktop\n\gearup-my\public\blog\best-vlogging-camera-malaysia-2026.jpg' ||| STACK: Error: UNKNOWN: unknown error, open 'C:\Users\User\Desktop\n\gearup-my\public\blog\best-vlogging-camera-malaysia-2026.jpg' //     at Object.openSync (node:fs:555:18) //     at writeFileSync (node:fs:2405:35) //     at processFile (file:///C:/Users/User/Desktop/n/gearup-my/scripts/normalize-image-aspects.mjs:94:7)
[2026-10-05T20:50:26.811Z] !! buat-video-guna-handphone-cabaran-30-hari.jpg: UNKNOWN: unknown error, open 'C:\Users\User\Desktop\n\gearup-my\public\blog\buat-video-guna-handphone-cabaran-30-hari.jpg' ||| STACK: Error: UNKNOWN: unknown error, open 'C:\Users\User\Desktop\n\gearup-my\public\blog\buat-video-guna-handphone-cabaran-30-hari.jpg' //     at Object.openSync (node:fs:555:18) //     at writeFileSync (node:fs:2405:35) //     at processFile (file:///C:/Users/User/Desktop/n/gearup-my/scripts/normalize-image-aspects.mjs:94:7)
[2026-10-05T20:50:29.193Z] !! camera-price-guide-malaysia-2026.jpg: UNKNOWN: unknown error, open 'C:\Users\User\Desktop\n\gearup-my\public\blog\camera-price-guide-malaysia-2026.jpg' ||| STACK: Error: UNKNOWN: unknown error, open 'C:\Users\User\Desktop\n\gearup-my\public\blog\camera-price-guide-malaysia-2026.jpg' //     at Object.openSync (node:fs:555:18) //     at writeFileSync (node:fs:2405:35) //     at processFile (file:///C:/Users/User/Desktop/n/gearup-my/scripts/normalize-image-aspects.mjs:94:7)
[2026-10-05T20:50:31.511Z] !! camera-roi-calculator-malaysia.jpg: UNKNOWN: unknown error, open 'C:\Users\User\Desktop\n\gearup-my\public\blog\camera-roi-calculator-malaysia.jpg' ||| STACK: Error: UNKNOWN: unknown error, open 'C:\Users\User\Desktop\n\gearup-my\public\blog\camera-roi-calculator-malaysia.jpg' //     at Object.openSync (node:fs:555:18) //     at writeFileSync (node:fs:2405:35) //     at processFile (file:///C:/Users/User/Desktop/n/gearup-my/scripts/normalize-image-aspects.mjs:94:7)
[2026-10-05T20:50:34.042Z] !! camera-sd-card-speed-guide-malaysia.jpg: UNKNOWN: unknown error, open 'C:\Users\User\Desktop\n\gearup-my\public\blog\camera-sd-card-speed-guide-malaysia.jpg' ||| STACK: Error: UNKNOWN: unknown error, open 'C:\Users\User\Desktop\n\gearup-my\public\blog\camera-sd-card-speed-guide-malaysia.jpg' //     at Object.openSync (node:fs:555:18) //     at writeFileSync (node:fs:2405:35) //     at processFile (file:///C:/Users/User/Desktop/n/gearup-my/scripts/normalize-image-aspects.mjs:94:7)
[2026-10-05T20:50:36.286Z] !! camera-under-2000-malaysia-2026.jpg: UNKNOWN: unknown error, open 'C:\Users\User\Desktop\n\gearup-my\public\blog\camera-under-2000-malaysia-2026.jpg' ||| STACK: Error: UNKNOWN: unknown error, open 'C:\Users\User\Desktop\n\gearup-my\public\blog\camera-under-2000-malaysia-2026.jpg' //     at Object.openSync (node:fs:555:18) //     at writeFileSync (node:fs:2405:35) //     at processFile (file:///C:/Users/User/Desktop/n/gearup-my/scripts/normalize-image-aspects.mjs:94:7)
[2026-10-05T20:50:38.560Z] !! canon-eos-r50-vs-sony-a6100-which-better-malaysia.jpg: UNKNOWN: unknown error, open 'C:\Users\User\Desktop\n\gearup-my\public\blog\canon-eos-r50-vs-sony-a6100-which-better-malaysia.jpg' ||| STACK: Error: UNKNOWN: unknown error, open 'C:\Users\User\Desktop\n\gearup-my\public\blog\canon-eos-r50-vs-sony-a6100-which-better-malaysia.jpg' //     at Object.openSync (node:fs:555:18) //     at writeFileSync (node:fs:2405:35) //     at processFile (file:///C:/Users/User/Desktop/n/gearup-my/scripts/normalize-image-aspects.mjs:94:7)
[2026-10-05T20:50:40.923Z] !! cara-buat-portfolio-fotografi-malaysia.jpg: UNKNOWN: unknown error, open 'C:\Users\User\Desktop\n\gearup-my\public\blog\cara-buat-portfolio-fotografi-malaysia.jpg' ||| STACK: Error: UNKNOWN: unknown error, open 'C:\Users\User\Desktop\n\gearup-my\public\blog\cara-buat-portfolio-fotografi-malaysia.jpg' //     at Object.openSync (node:fs:555:18) //     at writeFileSync (node:fs:2405:35) //     at processFile (file:///C:/Users/User/Desktop/n/gearup-my/scripts/normalize-image-aspects.mjs:94:7)
[2026-10-05T20:50:43.176Z] !! cara-jadi-content-creator-tanpa-modal-malaysia.jpg: UNKNOWN: unknown error, open 'C:\Users\User\Desktop\n\gearup-my\public\blog\cara-jadi-content-creator-tanpa-modal-malaysia.jpg' ||| STACK: Error: UNKNOWN: unknown error, open 'C:\Users\User\Desktop\n\gearup-my\public\blog\cara-jadi-content-creator-tanpa-modal-malaysia.jpg' //     at Object.openSync (node:fs:555:18) //     at writeFileSync (node:fs:2405:35) //     at processFile (file:///C:/Users/User/Desktop/n/gearup-my/scripts/normalize-image-aspects.mjs:94:7)
[2026-10-05T20:50:45.542Z] !! cara-mula-photography-dengan-rm500.jpg: UNKNOWN: unknown error, open 'C:\Users\User\Desktop\n\gearup-my\public\blog\cara-mula-photography-dengan-rm500.jpg' ||| STACK: Error: UNKNOWN: unknown error, open 'C:\Users\User\Desktop\n\gearup-my\public\blog\cara-mula-photography-dengan-rm500.jpg' //     at Object.openSync (node:fs:555:18) //     at writeFileSync (node:fs:2405:35) //     at processFile (file:///C:/Users/User/Desktop/n/gearup-my/scripts/normalize-image-aspects.mjs:94:7)
[2026-10-05T20:50:45.572Z] note (non-jpg, left as-is): cctv-ai-facial-recognition-sistem-keselamatan-kilang-malaysia.png 1920x1689
[2026-10-05T20:50:47.905Z] !! cctv-installer-gig-side-hustle-malaysia.jpg: UNKNOWN: unknown error, open 'C:\Users\User\Desktop\n\gearup-my\public\blog\cctv-installer-gig-side-hustle-malaysia.jpg' ||| STACK: Error: UNKNOWN: unknown error, open 'C:\Users\User\Desktop\n\gearup-my\public\blog\cctv-installer-gig-side-hustle-malaysia.jpg' //     at Object.openSync (node:fs:555:18) //     at writeFileSync (node:fs:2405:35) //     at processFile (file:///C:/Users/User/Desktop/n/gearup-my/scripts/normalize-image-aspects.mjs:94:7)
[2026-10-05T20:50:50.339Z] !! cctv-keselamatan-pekerja-sistem-ai-kilang-malaysia.jpg: UNKNOWN: unknown error, open 'C:\Users\User\Desktop\n\gearup-my\public\blog\cctv-keselamatan-pekerja-sistem-ai-kilang-malaysia.jpg' ||| STACK: Error: UNKNOWN: unknown error, open 'C:\Users\User\Desktop\n\gearup-my\public\blog\cctv-keselamatan-pekerja-sistem-ai-kilang-malaysia.jpg' //     at Object.openSync (node:fs:555:18) //     at writeFileSync (node:fs:2405:35) //     at processFile (file:///C:/Users/User/Desktop/n/gearup-my/scripts/normalize-image-aspects.mjs:94:7)
[2026-10-05T20:50:52.815Z] !! cctv-pantau-ibu-bapa-lansia-malaysia.jpg: UNKNOWN: unknown error, open 'C:\Users\User\Desktop\n\gearup-my\public\blog\cctv-pantau-ibu-bapa-lansia-malaysia.jpg' ||| STACK: Error: UNKNOWN: unknown error, open 'C:\Users\User\Desktop\n\gearup-my\public\blog\cctv-pantau-ibu-bapa-lansia-malaysia.jpg' //     at Object.openSync (node:fs:555:18) //     at writeFileSync (node:fs:2405:35) //     at processFile (file:///C:/Users/User/Desktop/n/gearup-my/scripts/normalize-image-aspects.mjs:94:7)
[2026-10-05T20:50:55.166Z] !! content-calendar-malaysia-creators.jpg: UNKNOWN: unknown error, open 'C:\Users\User\Desktop\n\gearup-my\public\blog\content-calendar-malaysia-creators.jpg' ||| STACK: Error: UNKNOWN: unknown error, open 'C:\Users\User\Desktop\n\gearup-my\public\blog\content-calendar-malaysia-creators.jpg' //     at Object.openSync (node:fs:555:18) //     at writeFileSync (node:fs:2405:35) //     at processFile (file:///C:/Users/User/Desktop/n/gearup-my/scripts/normalize-image-aspects.mjs:94:7)
[2026-10-05T20:50:57.569Z] !! content-creator-gear-roi-malaysia-calculator.jpg: UNKNOWN: unknown error, open 'C:\Users\User\Desktop\n\gearup-my\public\blog\content-creator-gear-roi-malaysia-calculator.jpg' ||| STACK: Error: UNKNOWN: unknown error, open 'C:\Users\User\Desktop\n\gearup-my\public\blog\content-creator-gear-roi-malaysia-calculator.jpg' //     at Object.openSync (node:fs:555:18) //     at writeFileSync (node:fs:2405:35) //     at processFile (file:///C:/Users/User/Desktop/n/gearup-my/scripts/normalize-image-aspects.mjs:94:7)
[2026-10-05T20:50:59.824Z] !! dji-mini-3-pro-vs-mini-4-pro-malaysia.jpg: UNKNOWN: unknown error, open 'C:\Users\User\Desktop\n\gearup-my\public\blog\dji-mini-3-pro-vs-mini-4-pro-malaysia.jpg' ||| STACK: Error: UNKNOWN: unknown error, open 'C:\Users\User\Desktop\n\gearup-my\public\blog\dji-mini-3-pro-vs-mini-4-pro-malaysia.jpg' //     at Object.openSync (node:fs:555:18) //     at writeFileSync (node:fs:2405:35) //     at processFile (file:///C:/Users/User/Desktop/n/gearup-my/scripts/normalize-image-aspects.mjs:94:7)
[2026-10-05T20:51:02.064Z] !! dji-vs-instax360-malaysia.jpg: UNKNOWN: unknown error, open 'C:\Users\User\Desktop\n\gearup-my\public\blog\dji-vs-instax360-malaysia.jpg' ||| STACK: Error: UNKNOWN: unknown error, open 'C:\Users\User\Desktop\n\gearup-my\public\blog\dji-vs-instax360-malaysia.jpg' //     at Object.openSync (node:fs:555:18) //     at writeFileSync (node:fs:2405:35) //     at processFile (file:///C:/Users/User/Desktop/n/gearup-my/scripts/normalize-image-aspects.mjs:94:7)
[2026-10-05T20:51:04.451Z] !! drone-license-registration-malaysia-2026.jpg: UNKNOWN: unknown error, open 'C:\Users\User\Desktop\n\gearup-my\public\blog\drone-license-registration-malaysia-2026.jpg' ||| STACK: Error: UNKNOWN: unknown error, open 'C:\Users\User\Desktop\n\gearup-my\public\blog\drone-license-registration-malaysia-2026.jpg' //     at Object.openSync (node:fs:555:18) //     at writeFileSync (node:fs:2405:35) //     at processFile (file:///C:/Users/User/Desktop/n/gearup-my/scripts/normalize-image-aspects.mjs:94:7)
[2026-10-05T20:51:06.886Z] !! food-content-creation-gig-malaysia.jpg: UNKNOWN: unknown error, open 'C:\Users\User\Desktop\n\gearup-my\public\blog\food-content-creation-gig-malaysia.jpg' ||| STACK: Error: UNKNOWN: unknown error, open 'C:\Users\User\Desktop\n\gearup-my\public\blog\food-content-creation-gig-malaysia.jpg' //     at Object.openSync (node:fs:555:18) //     at writeFileSync (node:fs:2405:35) //     at processFile (file:///C:/Users/User/Desktop/n/gearup-my/scripts/normalize-image-aspects.mjs:94:7)
[2026-10-05T20:51:09.168Z] !! full-frame-vs-crop-sensor-malaysia.jpg: UNKNOWN: unknown error, open 'C:\Users\User\Desktop\n\gearup-my\public\blog\full-frame-vs-crop-sensor-malaysia.jpg' ||| STACK: Error: UNKNOWN: unknown error, open 'C:\Users\User\Desktop\n\gearup-my\public\blog\full-frame-vs-crop-sensor-malaysia.jpg' //     at Object.openSync (node:fs:555:18) //     at writeFileSync (node:fs:2405:35) //     at processFile (file:///C:/Users/User/Desktop/n/gearup-my/scripts/normalize-image-aspects.mjs:94:7)
[2026-10-05T20:51:11.711Z] !! gig-fotografi-dron-hartanah-malaysia.jpg: UNKNOWN: unknown error, open 'C:\Users\User\Desktop\n\gearup-my\public\blog\gig-fotografi-dron-hartanah-malaysia.jpg' ||| STACK: Error: UNKNOWN: unknown error, open 'C:\Users\User\Desktop\n\gearup-my\public\blog\gig-fotografi-dron-hartanah-malaysia.jpg' //     at Object.openSync (node:fs:555:18) //     at writeFileSync (node:fs:2405:35) //     at processFile (file:///C:/Users/User/Desktop/n/gearup-my/scripts/normalize-image-aspects.mjs:94:7)
[2026-10-05T20:51:14.006Z] !! gig-fotografi-makanan-malaysia.jpg: UNKNOWN: unknown error, open 'C:\Users\User\Desktop\n\gearup-my\public\blog\gig-fotografi-makanan-malaysia.jpg' ||| STACK: Error: UNKNOWN: unknown error, open 'C:\Users\User\Desktop\n\gearup-my\public\blog\gig-fotografi-makanan-malaysia.jpg' //     at Object.openSync (node:fs:555:18) //     at writeFileSync (node:fs:2405:35) //     at processFile (file:///C:/Users/User/Desktop/n/gearup-my/scripts/normalize-image-aspects.mjs:94:7)
[2026-10-05T20:51:16.516Z] !! gig-fotografi-potret-sambilan-malaysia.jpg: UNKNOWN: unknown error, open 'C:\Users\User\Desktop\n\gearup-my\public\blog\gig-fotografi-potret-sambilan-malaysia.jpg' ||| STACK: Error: UNKNOWN: unknown error, open 'C:\Users\User\Desktop\n\gearup-my\public\blog\gig-fotografi-potret-sambilan-malaysia.jpg' //     at Object.openSync (node:fs:555:18) //     at writeFileSync (node:fs:2405:35) //     at processFile (file:///C:/Users/User/Desktop/n/gearup-my/scripts/normalize-image-aspects.mjs:94:7)
[2026-10-05T20:51:18.935Z] !! gig-fotografi-produk-shopee-lazada-malaysia.jpg: UNKNOWN: unknown error, open 'C:\Users\User\Desktop\n\gearup-my\public\blog\gig-fotografi-produk-shopee-lazada-malaysia.jpg' ||| STACK: Error: UNKNOWN: unknown error, open 'C:\Users\User\Desktop\n\gearup-my\public\blog\gig-fotografi-produk-shopee-lazada-malaysia.jpg' //     at Object.openSync (node:fs:555:18) //     at writeFileSync (node:fs:2405:35) //     at processFile (file:///C:/Users/User/Desktop/n/gearup-my/scripts/normalize-image-aspects.mjs:94:7)
[2026-10-05T20:51:21.636Z] !! gig-video-perniagaan-kecil-malaysia.jpg: UNKNOWN: unknown error, open 'C:\Users\User\Desktop\n\gearup-my\public\blog\gig-video-perniagaan-kecil-malaysia.jpg' ||| STACK: Error: UNKNOWN: unknown error, open 'C:\Users\User\Desktop\n\gearup-my\public\blog\gig-video-perniagaan-kecil-malaysia.jpg' //     at Object.openSync (node:fs:555:18) //     at writeFileSync (node:fs:2405:35) //     at processFile (file:///C:/Users/User/Desktop/n/gearup-my/scripts/normalize-image-aspects.mjs:94:7)
[2026-10-05T20:51:24.101Z] !! harga-sony-camera-malaysia.jpg: UNKNOWN: unknown error, open 'C:\Users\User\Desktop\n\gearup-my\public\blog\harga-sony-camera-malaysia.jpg' ||| STACK: Error: UNKNOWN: unknown error, open 'C:\Users\User\Desktop\n\gearup-my\public\blog\harga-sony-camera-malaysia.jpg' //     at Object.openSync (node:fs:555:18) //     at writeFileSync (node:fs:2405:35) //     at processFile (file:///C:/Users/User/Desktop/n/gearup-my/scripts/normalize-image-aspects.mjs:94:7)
[2026-10-05T20:51:26.687Z] !! hikvision-8-camera-nvr-factory-malaysia.jpg: UNKNOWN: unknown error, open 'C:\Users\User\Desktop\n\gearup-my\public\blog\hikvision-8-camera-nvr-factory-malaysia.jpg' ||| STACK: Error: UNKNOWN: unknown error, open 'C:\Users\User\Desktop\n\gearup-my\public\blog\hikvision-8-camera-nvr-factory-malaysia.jpg' //     at Object.openSync (node:fs:555:18) //     at writeFileSync (node:fs:2405:35) //     at processFile (file:///C:/Users/User/Desktop/n/gearup-my/scripts/normalize-image-aspects.mjs:94:7)
[2026-10-05T20:51:29.016Z] !! insta360-ace-pro-2-review-malaysia.jpg: UNKNOWN: unknown error, open 'C:\Users\User\Desktop\n\gearup-my\public\blog\insta360-ace-pro-2-review-malaysia.jpg' ||| STACK: Error: UNKNOWN: unknown error, open 'C:\Users\User\Desktop\n\gearup-my\public\blog\insta360-ace-pro-2-review-malaysia.jpg' //     at Object.openSync (node:fs:555:18) //     at writeFileSync (node:fs:2405:35) //     at processFile (file:///C:/Users/User/Desktop/n/gearup-my/scripts/normalize-image-aspects.mjs:94:7)
[2026-10-05T20:51:31.443Z] !! insta360-luna-vs-dslr-photography-malaysia.jpg: UNKNOWN: unknown error, open 'C:\Users\User\Desktop\n\gearup-my\public\blog\insta360-luna-vs-dslr-photography-malaysia.jpg' ||| STACK: Error: UNKNOWN: unknown error, open 'C:\Users\User\Desktop\n\gearup-my\public\blog\insta360-luna-vs-dslr-photography-malaysia.jpg' //     at Object.openSync (node:fs:555:18) //     at writeFileSync (node:fs:2405:35) //     at processFile (file:///C:/Users/User/Desktop/n/gearup-my/scripts/normalize-image-aspects.mjs:94:7)
[2026-10-05T20:51:33.620Z] !! insta360-vs-gopro-which-buy-malaysia-2026.jpg: UNKNOWN: unknown error, open 'C:\Users\User\Desktop\n\gearup-my\public\blog\insta360-vs-gopro-which-buy-malaysia-2026.jpg' ||| STACK: Error: UNKNOWN: unknown error, open 'C:\Users\User\Desktop\n\gearup-my\public\blog\insta360-vs-gopro-which-buy-malaysia-2026.jpg' //     at Object.openSync (node:fs:555:18) //     at writeFileSync (node:fs:2405:35) //     at processFile (file:///C:/Users/User/Desktop/n/gearup-my/scripts/normalize-image-aspects.mjs:94:7)
[2026-10-05T20:51:36.080Z] !! insta360-x4-review-malaysia.jpg: UNKNOWN: unknown error, open 'C:\Users\User\Desktop\n\gearup-my\public\blog\insta360-x4-review-malaysia.jpg' ||| STACK: Error: UNKNOWN: unknown error, open 'C:\Users\User\Desktop\n\gearup-my\public\blog\insta360-x4-review-malaysia.jpg' //     at Object.openSync (node:fs:555:18) //     at writeFileSync (node:fs:2405:35) //     at processFile (file:///C:/Users/User/Desktop/n/gearup-my/scripts/normalize-image-aspects.mjs:94:7)
[2026-10-05T20:51:36.107Z] note (non-jpg, left as-is): insta360-x5-review-malaysia.webp 1920x2882
[2026-10-05T20:51:38.539Z] !! iphone-15-content-creation-malaysia.jpg: UNKNOWN: unknown error, open 'C:\Users\User\Desktop\n\gearup-my\public\blog\iphone-15-content-creation-malaysia.jpg' ||| STACK: Error: UNKNOWN: unknown error, open 'C:\Users\User\Desktop\n\gearup-my\public\blog\iphone-15-content-creation-malaysia.jpg' //     at Object.openSync (node:fs:555:18) //     at writeFileSync (node:fs:2405:35) //     at processFile (file:///C:/Users/User/Desktop/n/gearup-my/scripts/normalize-image-aspects.mjs:94:7)
[2026-10-05T20:51:40.947Z] !! iphone-16-pro-content-creation-malaysia.jpg: UNKNOWN: unknown error, open 'C:\Users\User\Desktop\n\gearup-my\public\blog\iphone-16-pro-content-creation-malaysia.jpg' ||| STACK: Error: UNKNOWN: unknown error, open 'C:\Users\User\Desktop\n\gearup-my\public\blog\iphone-16-pro-content-creation-malaysia.jpg' //     at Object.openSync (node:fs:555:18) //     at writeFileSync (node:fs:2405:35) //     at processFile (file:///C:/Users/User/Desktop/n/gearup-my/scripts/normalize-image-aspects.mjs:94:7)
[2026-10-05T20:51:43.271Z] !! iphone-17-pro-content-creation-malaysia.jpg: UNKNOWN: unknown error, open 'C:\Users\User\Desktop\n\gearup-my\public\blog\iphone-17-pro-content-creation-malaysia.jpg' ||| STACK: Error: UNKNOWN: unknown error, open 'C:\Users\User\Desktop\n\gearup-my\public\blog\iphone-17-pro-content-creation-malaysia.jpg' //     at Object.openSync (node:fs:555:18) //     at writeFileSync (node:fs:2405:35) //     at processFile (file:///C:/Users/User/Desktop/n/gearup-my/scripts/normalize-image-aspects.mjs:94:7)
[2026-10-05T20:51:45.493Z] !! iphone-17-pro-vs-mirrorless-malaysia-2026.jpg: UNKNOWN: unknown error, open 'C:\Users\User\Desktop\n\gearup-my\public\blog\iphone-17-pro-vs-mirrorless-malaysia-2026.jpg' ||| STACK: Error: UNKNOWN: unknown error, open 'C:\Users\User\Desktop\n\gearup-my\public\blog\iphone-17-pro-vs-mirrorless-malaysia-2026.jpg' //     at Object.openSync (node:fs:555:18) //     at writeFileSync (node:fs:2405:35) //     at processFile (file:///C:/Users/User/Desktop/n/gearup-my/scripts/normalize-image-aspects.mjs:94:7)
[2026-10-05T20:51:47.959Z] !! iphone-vs-mirrorless-camera-content-creation-malaysia.jpg: UNKNOWN: unknown error, open 'C:\Users\User\Desktop\n\gearup-my\public\blog\iphone-vs-mirrorless-camera-content-creation-malaysia.jpg' ||| STACK: Error: UNKNOWN: unknown error, open 'C:\Users\User\Desktop\n\gearup-my\public\blog\iphone-vs-mirrorless-camera-content-creation-malaysia.jpg' //     at Object.openSync (node:fs:555:18) //     at writeFileSync (node:fs:2405:35) //     at processFile (file:///C:/Users/User/Desktop/n/gearup-my/scripts/normalize-image-aspects.mjs:94:7)
[2026-10-05T20:51:50.386Z] !! japan-camera-market.jpg: UNKNOWN: unknown error, open 'C:\Users\User\Desktop\n\gearup-my\public\blog\japan-camera-market.jpg' ||| STACK: Error: UNKNOWN: unknown error, open 'C:\Users\User\Desktop\n\gearup-my\public\blog\japan-camera-market.jpg' //     at Object.openSync (node:fs:555:18) //     at writeFileSync (node:fs:2405:35) //     at processFile (file:///C:/Users/User/Desktop/n/gearup-my/scripts/normalize-image-aspects.mjs:94:7)
[2026-10-05T20:51:52.592Z] !! kamera-bawah-rm2000-malaysia.jpg: UNKNOWN: unknown error, open 'C:\Users\User\Desktop\n\gearup-my\public\blog\kamera-bawah-rm2000-malaysia.jpg' ||| STACK: Error: UNKNOWN: unknown error, open 'C:\Users\User\Desktop\n\gearup-my\public\blog\kamera-bawah-rm2000-malaysia.jpg' //     at Object.openSync (node:fs:555:18) //     at writeFileSync (node:fs:2405:35) //     at processFile (file:///C:/Users/User/Desktop/n/gearup-my/scripts/normalize-image-aspects.mjs:94:7)
[2026-10-05T20:51:54.806Z] !! kamera-murah-bawah-rm1000.jpg: UNKNOWN: unknown error, open 'C:\Users\User\Desktop\n\gearup-my\public\blog\kamera-murah-bawah-rm1000.jpg' ||| STACK: Error: UNKNOWN: unknown error, open 'C:\Users\User\Desktop\n\gearup-my\public\blog\kamera-murah-bawah-rm1000.jpg' //     at Object.openSync (node:fs:555:18) //     at writeFileSync (node:fs:2405:35) //     at processFile (file:///C:/Users/User/Desktop/n/gearup-my/scripts/normalize-image-aspects.mjs:94:7)
[2026-10-05T20:51:57.120Z] !! kamera-untuk-photography-malaysia.jpg: UNKNOWN: unknown error, open 'C:\Users\User\Desktop\n\gearup-my\public\blog\kamera-untuk-photography-malaysia.jpg' ||| STACK: Error: UNKNOWN: unknown error, open 'C:\Users\User\Desktop\n\gearup-my\public\blog\kamera-untuk-photography-malaysia.jpg' //     at Object.openSync (node:fs:555:18) //     at writeFileSync (node:fs:2405:35) //     at processFile (file:///C:/Users/User/Desktop/n/gearup-my/scripts/normalize-image-aspects.mjs:94:7)
[2026-10-05T20:51:59.517Z] !! konten-bisnes-kecil-retainer-content-creator-malaysia.jpg: UNKNOWN: unknown error, open 'C:\Users\User\Desktop\n\gearup-my\public\blog\konten-bisnes-kecil-retainer-content-creator-malaysia.jpg' ||| STACK: Error: UNKNOWN: unknown error, open 'C:\Users\User\Desktop\n\gearup-my\public\blog\konten-bisnes-kecil-retainer-content-creator-malaysia.jpg' //     at Object.openSync (node:fs:555:18) //     at writeFileSync (node:fs:2405:35) //     at processFile (file:///C:/Users/User/Desktop/n/gearup-my/scripts/normalize-image-aspects.mjs:94:7)
[2026-10-05T20:52:01.761Z] !! mic-terbaik-tiktok-live-malaysia.jpg: UNKNOWN: unknown error, open 'C:\Users\User\Desktop\n\gearup-my\public\blog\mic-terbaik-tiktok-live-malaysia.jpg' ||| STACK: Error: UNKNOWN: unknown error, open 'C:\Users\User\Desktop\n\gearup-my\public\blog\mic-terbaik-tiktok-live-malaysia.jpg' //     at Object.openSync (node:fs:555:18) //     at writeFileSync (node:fs:2405:35) //     at processFile (file:///C:/Users/User/Desktop/n/gearup-my/scripts/normalize-image-aspects.mjs:94:7)
[2026-10-05T20:52:04.017Z] !! mirrorless-vs-dslr-malaysia.jpg: UNKNOWN: unknown error, open 'C:\Users\User\Desktop\n\gearup-my\public\blog\mirrorless-vs-dslr-malaysia.jpg' ||| STACK: Error: UNKNOWN: unknown error, open 'C:\Users\User\Desktop\n\gearup-my\public\blog\mirrorless-vs-dslr-malaysia.jpg' //     at Object.openSync (node:fs:555:18) //     at writeFileSync (node:fs:2405:35) //     at processFile (file:///C:/Users/User/Desktop/n/gearup-my/scripts/normalize-image-aspects.mjs:94:7)
[2026-10-05T20:52:06.317Z] !! nikon-d3100-vs-sony-a6100-which-better-malaysia.jpg: UNKNOWN: unknown error, open 'C:\Users\User\Desktop\n\gearup-my\public\blog\nikon-d3100-vs-sony-a6100-which-better-malaysia.jpg' ||| STACK: Error: UNKNOWN: unknown error, open 'C:\Users\User\Desktop\n\gearup-my\public\blog\nikon-d3100-vs-sony-a6100-which-better-malaysia.jpg' //     at Object.openSync (node:fs:555:18) //     at writeFileSync (node:fs:2405:35) //     at processFile (file:///C:/Users/User/Desktop/n/gearup-my/scripts/normalize-image-aspects.mjs:94:7)
[2026-10-05T20:52:08.573Z] !! nikon-d500-reality-check-2026.jpg: UNKNOWN: unknown error, open 'C:\Users\User\Desktop\n\gearup-my\public\blog\nikon-d500-reality-check-2026.jpg' ||| STACK: Error: UNKNOWN: unknown error, open 'C:\Users\User\Desktop\n\gearup-my\public\blog\nikon-d500-reality-check-2026.jpg' //     at Object.openSync (node:fs:555:18) //     at writeFileSync (node:fs:2405:35) //     at processFile (file:///C:/Users/User/Desktop/n/gearup-my/scripts/normalize-image-aspects.mjs:94:7)
[2026-10-05T20:52:10.958Z] !! nikon-d7200-review-malaysia.jpg: UNKNOWN: unknown error, open 'C:\Users\User\Desktop\n\gearup-my\public\blog\nikon-d7200-review-malaysia.jpg' ||| STACK: Error: UNKNOWN: unknown error, open 'C:\Users\User\Desktop\n\gearup-my\public\blog\nikon-d7200-review-malaysia.jpg' //     at Object.openSync (node:fs:555:18) //     at writeFileSync (node:fs:2405:35) //     at processFile (file:///C:/Users/User/Desktop/n/gearup-my/scripts/normalize-image-aspects.mjs:94:7)
[2026-10-05T20:52:13.307Z] !! nikon-z50-ii-review-malaysia.jpg: UNKNOWN: unknown error, open 'C:\Users\User\Desktop\n\gearup-my\public\blog\nikon-z50-ii-review-malaysia.jpg' ||| STACK: Error: UNKNOWN: unknown error, open 'C:\Users\User\Desktop\n\gearup-my\public\blog\nikon-z50-ii-review-malaysia.jpg' //     at Object.openSync (node:fs:555:18) //     at writeFileSync (node:fs:2405:35) //     at processFile (file:///C:/Users/User/Desktop/n/gearup-my/scripts/normalize-image-aspects.mjs:94:7)
[2026-10-05T20:52:15.643Z] !! old-dslr-era-60d-d3100-gig-payoff-malaysia.jpg: UNKNOWN: unknown error, open 'C:\Users\User\Desktop\n\gearup-my\public\blog\old-dslr-era-60d-d3100-gig-payoff-malaysia.jpg' ||| STACK: Error: UNKNOWN: unknown error, open 'C:\Users\User\Desktop\n\gearup-my\public\blog\old-dslr-era-60d-d3100-gig-payoff-malaysia.jpg' //     at Object.openSync (node:fs:555:18) //     at writeFileSync (node:fs:2405:35) //     at processFile (file:///C:/Users/User/Desktop/n/gearup-my/scripts/normalize-image-aspects.mjs:94:7)
[2026-10-05T20:52:18.036Z] !! osmo-action-6-pro-vs-gopro-hero-14-malaysia.jpg: UNKNOWN: unknown error, open 'C:\Users\User\Desktop\n\gearup-my\public\blog\osmo-action-6-pro-vs-gopro-hero-14-malaysia.jpg' ||| STACK: Error: UNKNOWN: unknown error, open 'C:\Users\User\Desktop\n\gearup-my\public\blog\osmo-action-6-pro-vs-gopro-hero-14-malaysia.jpg' //     at Object.openSync (node:fs:555:18) //     at writeFileSync (node:fs:2405:35) //     at processFile (file:///C:/Users/User/Desktop/n/gearup-my/scripts/normalize-image-aspects.mjs:94:7)
[2026-10-05T20:52:20.290Z] !! panasonic-lumix-s9-review-malaysia.jpg: UNKNOWN: unknown error, open 'C:\Users\User\Desktop\n\gearup-my\public\blog\panasonic-lumix-s9-review-malaysia.jpg' ||| STACK: Error: UNKNOWN: unknown error, open 'C:\Users\User\Desktop\n\gearup-my\public\blog\panasonic-lumix-s9-review-malaysia.jpg' //     at Object.openSync (node:fs:555:18) //     at writeFileSync (node:fs:2405:35) //     at processFile (file:///C:/Users/User/Desktop/n/gearup-my/scripts/normalize-image-aspects.mjs:94:7)
[2026-10-05T20:52:22.734Z] !! panduan-harga-gig-fotografi-malaysia-2026.jpg: UNKNOWN: unknown error, open 'C:\Users\User\Desktop\n\gearup-my\public\blog\panduan-harga-gig-fotografi-malaysia-2026.jpg' ||| STACK: Error: UNKNOWN: unknown error, open 'C:\Users\User\Desktop\n\gearup-my\public\blog\panduan-harga-gig-fotografi-malaysia-2026.jpg' //     at Object.openSync (node:fs:555:18) //     at writeFileSync (node:fs:2405:35) //     at processFile (file:///C:/Users/User/Desktop/n/gearup-my/scripts/normalize-image-aspects.mjs:94:7)
[2026-10-05T20:52:25.090Z] !! philippines-vlogging-gear.jpg: UNKNOWN: unknown error, open 'C:\Users\User\Desktop\n\gearup-my\public\blog\philippines-vlogging-gear.jpg' ||| STACK: Error: UNKNOWN: unknown error, open 'C:\Users\User\Desktop\n\gearup-my\public\blog\philippines-vlogging-gear.jpg' //     at Object.openSync (node:fs:555:18) //     at writeFileSync (node:fs:2405:35) //     at processFile (file:///C:/Users/User/Desktop/n/gearup-my/scripts/normalize-image-aspects.mjs:94:7)
[2026-10-05T20:52:27.304Z] !! photography-vs-video-camera-malaysia-beginners.jpg: UNKNOWN: unknown error, open 'C:\Users\User\Desktop\n\gearup-my\public\blog\photography-vs-video-camera-malaysia-beginners.jpg' ||| STACK: Error: UNKNOWN: unknown error, open 'C:\Users\User\Desktop\n\gearup-my\public\blog\photography-vs-video-camera-malaysia-beginners.jpg' //     at Object.openSync (node:fs:555:18) //     at writeFileSync (node:fs:2405:35) //     at processFile (file:///C:/Users/User/Desktop/n/gearup-my/scripts/normalize-image-aspects.mjs:94:7)
[2026-10-05T20:52:29.555Z] !! product-photography-ecommerce-gig-malaysia.jpg: UNKNOWN: unknown error, open 'C:\Users\User\Desktop\n\gearup-my\public\blog\product-photography-ecommerce-gig-malaysia.jpg' ||| STACK: Error: UNKNOWN: unknown error, open 'C:\Users\User\Desktop\n\gearup-my\public\blog\product-photography-ecommerce-gig-malaysia.jpg' //     at Object.openSync (node:fs:555:18) //     at writeFileSync (node:fs:2405:35) //     at processFile (file:///C:/Users/User/Desktop/n/gearup-my/scripts/normalize-image-aspects.mjs:94:7)
[2026-10-05T20:52:32.149Z] !! real-estate-media-gig-malaysia.jpg: UNKNOWN: unknown error, open 'C:\Users\User\Desktop\n\gearup-my\public\blog\real-estate-media-gig-malaysia.jpg' ||| STACK: Error: UNKNOWN: unknown error, open 'C:\Users\User\Desktop\n\gearup-my\public\blog\real-estate-media-gig-malaysia.jpg' //     at Object.openSync (node:fs:555:18) //     at writeFileSync (node:fs:2405:35) //     at processFile (file:///C:/Users/User/Desktop/n/gearup-my/scripts/normalize-image-aspects.mjs:94:7)
[2026-10-05T20:52:34.490Z] !! samsung-galaxy-s25-ultra-review-malaysia.jpg: UNKNOWN: unknown error, open 'C:\Users\User\Desktop\n\gearup-my\public\blog\samsung-galaxy-s25-ultra-review-malaysia.jpg' ||| STACK: Error: UNKNOWN: unknown error, open 'C:\Users\User\Desktop\n\gearup-my\public\blog\samsung-galaxy-s25-ultra-review-malaysia.jpg' //     at Object.openSync (node:fs:555:18) //     at writeFileSync (node:fs:2405:35) //     at processFile (file:///C:/Users/User/Desktop/n/gearup-my/scripts/normalize-image-aspects.mjs:94:7)
[2026-10-05T20:52:36.980Z] !! second-hand-camera-buying-guide.jpg: UNKNOWN: unknown error, open 'C:\Users\User\Desktop\n\gearup-my\public\blog\second-hand-camera-buying-guide.jpg' ||| STACK: Error: UNKNOWN: unknown error, open 'C:\Users\User\Desktop\n\gearup-my\public\blog\second-hand-camera-buying-guide.jpg' //     at Object.openSync (node:fs:555:18) //     at writeFileSync (node:fs:2405:35) //     at processFile (file:///C:/Users/User/Desktop/n/gearup-my/scripts/normalize-image-aspects.mjs:94:7)
[2026-10-05T20:52:39.516Z] !! second-hand-camera-scams-malaysia.jpg: UNKNOWN: unknown error, open 'C:\Users\User\Desktop\n\gearup-my\public\blog\second-hand-camera-scams-malaysia.jpg' ||| STACK: Error: UNKNOWN: unknown error, open 'C:\Users\User\Desktop\n\gearup-my\public\blog\second-hand-camera-scams-malaysia.jpg' //     at Object.openSync (node:fs:555:18) //     at writeFileSync (node:fs:2405:35) //     at processFile (file:///C:/Users/User/Desktop/n/gearup-my/scripts/normalize-image-aspects.mjs:94:7)
[2026-10-05T20:52:41.810Z] !! side-income-umur-40-plus-fotografi-malaysia.jpg: UNKNOWN: unknown error, open 'C:\Users\User\Desktop\n\gearup-my\public\blog\side-income-umur-40-plus-fotografi-malaysia.jpg' ||| STACK: Error: UNKNOWN: unknown error, open 'C:\Users\User\Desktop\n\gearup-my\public\blog\side-income-umur-40-plus-fotografi-malaysia.jpg' //     at Object.openSync (node:fs:555:18) //     at writeFileSync (node:fs:2405:35) //     at processFile (file:///C:/Users/User/Desktop/n/gearup-my/scripts/normalize-image-aspects.mjs:94:7)
[2026-10-05T20:52:44.095Z] !! singapore-camera-rental-creator-gear.jpg: UNKNOWN: unknown error, open 'C:\Users\User\Desktop\n\gearup-my\public\blog\singapore-camera-rental-creator-gear.jpg' ||| STACK: Error: UNKNOWN: unknown error, open 'C:\Users\User\Desktop\n\gearup-my\public\blog\singapore-camera-rental-creator-gear.jpg' //     at Object.openSync (node:fs:555:18) //     at writeFileSync (node:fs:2405:35) //     at processFile (file:///C:/Users/User/Desktop/n/gearup-my/scripts/normalize-image-aspects.mjs:94:7)
[2026-10-05T20:52:46.489Z] !! sony-a6000-review-malaysia-second-hand.jpg: UNKNOWN: unknown error, open 'C:\Users\User\Desktop\n\gearup-my\public\blog\sony-a6000-review-malaysia-second-hand.jpg' ||| STACK: Error: UNKNOWN: unknown error, open 'C:\Users\User\Desktop\n\gearup-my\public\blog\sony-a6000-review-malaysia-second-hand.jpg' //     at Object.openSync (node:fs:555:18) //     at writeFileSync (node:fs:2405:35) //     at processFile (file:///C:/Users/User/Desktop/n/gearup-my/scripts/normalize-image-aspects.mjs:94:7)
[2026-10-05T20:52:48.822Z] !! sony-a6700-review-malaysia.jpg: UNKNOWN: unknown error, open 'C:\Users\User\Desktop\n\gearup-my\public\blog\sony-a6700-review-malaysia.jpg' ||| STACK: Error: UNKNOWN: unknown error, open 'C:\Users\User\Desktop\n\gearup-my\public\blog\sony-a6700-review-malaysia.jpg' //     at Object.openSync (node:fs:555:18) //     at writeFileSync (node:fs:2405:35) //     at processFile (file:///C:/Users/User/Desktop/n/gearup-my/scripts/normalize-image-aspects.mjs:94:7)
[2026-10-05T20:52:51.157Z] !! sony-a7c-ii-review-malaysia.jpg: UNKNOWN: unknown error, open 'C:\Users\User\Desktop\n\gearup-my\public\blog\sony-a7c-ii-review-malaysia.jpg' ||| STACK: Error: UNKNOWN: unknown error, open 'C:\Users\User\Desktop\n\gearup-my\public\blog\sony-a7c-ii-review-malaysia.jpg' //     at Object.openSync (node:fs:555:18) //     at writeFileSync (node:fs:2405:35) //     at processFile (file:///C:/Users/User/Desktop/n/gearup-my/scripts/normalize-image-aspects.mjs:94:7)
[2026-10-05T20:52:53.545Z] !! sony-zv-e10-review-malaysia-second-hand.jpg: UNKNOWN: unknown error, open 'C:\Users\User\Desktop\n\gearup-my\public\blog\sony-zv-e10-review-malaysia-second-hand.jpg' ||| STACK: Error: UNKNOWN: unknown error, open 'C:\Users\User\Desktop\n\gearup-my\public\blog\sony-zv-e10-review-malaysia-second-hand.jpg' //     at Object.openSync (node:fs:555:18) //     at writeFileSync (node:fs:2405:35) //     at processFile (file:///C:/Users/User/Desktop/n/gearup-my/scripts/normalize-image-aspects.mjs:94:7)
[2026-10-05T20:52:55.955Z] !! south-korea-creator-gear.jpg: UNKNOWN: unknown error, open 'C:\Users\User\Desktop\n\gearup-my\public\blog\south-korea-creator-gear.jpg' ||| STACK: Error: UNKNOWN: unknown error, open 'C:\Users\User\Desktop\n\gearup-my\public\blog\south-korea-creator-gear.jpg' //     at Object.openSync (node:fs:555:18) //     at writeFileSync (node:fs:2405:35) //     at processFile (file:///C:/Users/User/Desktop/n/gearup-my/scripts/normalize-image-aspects.mjs:94:7)
[2026-10-05T20:52:58.407Z] !! taiwan-camera-market.jpg: UNKNOWN: unknown error, open 'C:\Users\User\Desktop\n\gearup-my\public\blog\taiwan-camera-market.jpg' ||| STACK: Error: UNKNOWN: unknown error, open 'C:\Users\User\Desktop\n\gearup-my\public\blog\taiwan-camera-market.jpg' //     at Object.openSync (node:fs:555:18) //     at writeFileSync (node:fs:2405:35) //     at processFile (file:///C:/Users/User/Desktop/n/gearup-my/scripts/normalize-image-aspects.mjs:94:7)
[2026-10-05T20:53:00.610Z] !! tamron-17-50mm-vc-review-malaysia.jpg: UNKNOWN: unknown error, open 'C:\Users\User\Desktop\n\gearup-my\public\blog\tamron-17-50mm-vc-review-malaysia.jpg' ||| STACK: Error: UNKNOWN: unknown error, open 'C:\Users\User\Desktop\n\gearup-my\public\blog\tamron-17-50mm-vc-review-malaysia.jpg' //     at Object.openSync (node:fs:555:18) //     at writeFileSync (node:fs:2405:35) //     at processFile (file:///C:/Users/User/Desktop/n/gearup-my/scripts/normalize-image-aspects.mjs:94:7)
[2026-10-05T20:53:03.115Z] !! tapo-4-camera-wifi-retail-shop-malaysia.jpg: UNKNOWN: unknown error, open 'C:\Users\User\Desktop\n\gearup-my\public\blog\tapo-4-camera-wifi-retail-shop-malaysia.jpg' ||| STACK: Error: UNKNOWN: unknown error, open 'C:\Users\User\Desktop\n\gearup-my\public\blog\tapo-4-camera-wifi-retail-shop-malaysia.jpg' //     at Object.openSync (node:fs:555:18) //     at writeFileSync (node:fs:2405:35) //     at processFile (file:///C:/Users/User/Desktop/n/gearup-my/scripts/normalize-image-aspects.mjs:94:7)
[2026-10-05T20:53:05.490Z] !! tapo-c210-vs-c220-malaysia.jpg: UNKNOWN: unknown error, open 'C:\Users\User\Desktop\n\gearup-my\public\blog\tapo-c210-vs-c220-malaysia.jpg' ||| STACK: Error: UNKNOWN: unknown error, open 'C:\Users\User\Desktop\n\gearup-my\public\blog\tapo-c210-vs-c220-malaysia.jpg' //     at Object.openSync (node:fs:555:18) //     at writeFileSync (node:fs:2405:35) //     at processFile (file:///C:/Users/User/Desktop/n/gearup-my/scripts/normalize-image-aspects.mjs:94:7)
[2026-10-05T20:53:07.969Z] !! thailand-camera-gear.jpg: UNKNOWN: unknown error, open 'C:\Users\User\Desktop\n\gearup-my\public\blog\thailand-camera-gear.jpg' ||| STACK: Error: UNKNOWN: unknown error, open 'C:\Users\User\Desktop\n\gearup-my\public\blog\thailand-camera-gear.jpg' //     at Object.openSync (node:fs:555:18) //     at writeFileSync (node:fs:2405:35) //     at processFile (file:///C:/Users/User/Desktop/n/gearup-my/scripts/normalize-image-aspects.mjs:94:7)
[2026-10-05T20:53:10.232Z] !! tiktok-reels-shorts-strategy-malaysia-2026.jpg: UNKNOWN: unknown error, open 'C:\Users\User\Desktop\n\gearup-my\public\blog\tiktok-reels-shorts-strategy-malaysia-2026.jpg' ||| STACK: Error: UNKNOWN: unknown error, open 'C:\Users\User\Desktop\n\gearup-my\public\blog\tiktok-reels-shorts-strategy-malaysia-2026.jpg' //     at Object.openSync (node:fs:555:18) //     at writeFileSync (node:fs:2405:35) //     at processFile (file:///C:/Users/User/Desktop/n/gearup-my/scripts/normalize-image-aspects.mjs:94:7)
[2026-10-05T20:53:12.630Z] !! turning-50-panic-plan-content-side-hustle-malaysia.jpg: UNKNOWN: unknown error, open 'C:\Users\User\Desktop\n\gearup-my\public\blog\turning-50-panic-plan-content-side-hustle-malaysia.jpg' ||| STACK: Error: UNKNOWN: unknown error, open 'C:\Users\User\Desktop\n\gearup-my\public\blog\turning-50-panic-plan-content-side-hustle-malaysia.jpg' //     at Object.openSync (node:fs:555:18) //     at writeFileSync (node:fs:2405:35) //     at processFile (file:///C:/Users/User/Desktop/n/gearup-my/scripts/normalize-image-aspects.mjs:94:7)
[2026-10-05T20:53:14.810Z] !! turning-50-second-act-gig-guide-malaysia.jpg: UNKNOWN: unknown error, open 'C:\Users\User\Desktop\n\gearup-my\public\blog\turning-50-second-act-gig-guide-malaysia.jpg' ||| STACK: Error: UNKNOWN: unknown error, open 'C:\Users\User\Desktop\n\gearup-my\public\blog\turning-50-second-act-gig-guide-malaysia.jpg' //     at Object.openSync (node:fs:555:18) //     at writeFileSync (node:fs:2405:35) //     at processFile (file:///C:/Users/User/Desktop/n/gearup-my/scripts/normalize-image-aspects.mjs:94:7)
[2026-10-05T20:53:17.073Z] !! video-stabilization-ibis-gimbal-tripod-malaysia.jpg: UNKNOWN: unknown error, open 'C:\Users\User\Desktop\n\gearup-my\public\blog\video-stabilization-ibis-gimbal-tripod-malaysia.jpg' ||| STACK: Error: UNKNOWN: unknown error, open 'C:\Users\User\Desktop\n\gearup-my\public\blog\video-stabilization-ibis-gimbal-tripod-malaysia.jpg' //     at Object.openSync (node:fs:555:18) //     at writeFileSync (node:fs:2405:35) //     at processFile (file:///C:/Users/User/Desktop/n/gearup-my/scripts/normalize-image-aspects.mjs:94:7)
[2026-10-05T20:53:19.357Z] !! wedding-photography-side-hustle-malaysia.jpg: UNKNOWN: unknown error, open 'C:\Users\User\Desktop\n\gearup-my\public\blog\wedding-photography-side-hustle-malaysia.jpg' ||| STACK: Error: UNKNOWN: unknown error, open 'C:\Users\User\Desktop\n\gearup-my\public\blog\wedding-photography-side-hustle-malaysia.jpg' //     at Object.openSync (node:fs:555:18) //     at writeFileSync (node:fs:2405:35) //     at processFile (file:///C:/Users/User/Desktop/n/gearup-my/scripts/normalize-image-aspects.mjs:94:7)
[2026-10-05T20:53:21.650Z] !! xiaomi-14-ultra-review-malaysia.jpg: UNKNOWN: unknown error, open 'C:\Users\User\Desktop\n\gearup-my\public\blog\xiaomi-14-ultra-review-malaysia.jpg' ||| STACK: Error: UNKNOWN: unknown error, open 'C:\Users\User\Desktop\n\gearup-my\public\blog\xiaomi-14-ultra-review-malaysia.jpg' //     at Object.openSync (node:fs:555:18) //     at writeFileSync (node:fs:2405:35) //     at processFile (file:///C:/Users/User/Desktop/n/gearup-my/scripts/normalize-image-aspects.mjs:94:7)
[2026-10-05T20:53:24.099Z] !! xiaomi-15-ultra-review-malaysia.jpg: UNKNOWN: unknown error, open 'C:\Users\User\Desktop\n\gearup-my\public\blog\xiaomi-15-ultra-review-malaysia.jpg' ||| STACK: Error: UNKNOWN: unknown error, open 'C:\Users\User\Desktop\n\gearup-my\public\blog\xiaomi-15-ultra-review-malaysia.jpg' //     at Object.openSync (node:fs:555:18) //     at writeFileSync (node:fs:2405:35) //     at processFile (file:///C:/Users/User/Desktop/n/gearup-my/scripts/normalize-image-aspects.mjs:94:7)
[2026-10-05T20:53:24.122Z] round 1: 86 file(s) locked by system - retrying in 5s
[2026-10-05T20:56:51.731Z] round 2: 86 file(s) locked by system - retrying in 5s
[2026-10-05T21:00:17.419Z] round 3: 86 file(s) locked by system - retrying in 5s
[2026-10-05T21:03:43.187Z] round 4: 86 file(s) locked by system - retrying in 5s
[2026-10-05T21:08:35.163Z] normalized: age-50-vs-age-25-content-creator-malaysia.jpg 1920x1280 -> 1600x900
[2026-10-05T21:08:35.802Z] normalized: beli-kamera-kredit-vs-simpan-malaysia.jpg 1814x1075 -> 1600x900
[2026-10-05T21:08:35.979Z] normalized: berapa-gig-untuk-bayar-camera.jpg 1280x853 -> 1280x720
[2026-10-05T21:08:36.184Z] normalized: best-budget-lapel-microphone-malaysia-audio-guide.jpg 1920x1280 -> 1600x900
[2026-10-05T21:08:36.384Z] normalized: best-camera-beginners-malaysia-2026.jpg 1280x853 -> 1280x720
[2026-10-05T21:08:36.617Z] normalized: best-camera-content-creator-malaysia.jpg 1920x1280 -> 1600x900
[2026-10-05T21:08:36.850Z] normalized: best-drone-malaysia-2026.jpg 1920x1266 -> 1600x900
[2026-10-05T21:08:37.009Z] normalized: best-first-lens-malaysia.jpg 1280x933 -> 1280x720
[2026-10-05T21:08:37.428Z] normalized: best-tripod-phone-camera-malaysia-guide.jpg 1920x1080 -> 1600x900
[2026-10-05T21:08:37.872Z] normalized: best-vlogging-camera-malaysia-2026.jpg 1920x1440 -> 1600x900
[2026-10-05T21:08:38.417Z] normalized: buat-video-guna-handphone-cabaran-30-hari.jpg 1920x1440 -> 1600x900
[2026-10-05T21:08:38.706Z] normalized: camera-price-guide-malaysia-2026.jpg 1280x853 -> 1280x720
[2026-10-05T21:08:38.918Z] normalized: camera-roi-calculator-malaysia.jpg 930x515 -> 916x515
[2026-10-05T21:08:39.428Z] normalized: camera-sd-card-speed-guide-malaysia.jpg 1920x1268 -> 1600x900
[2026-10-05T21:08:39.604Z] normalized: camera-under-2000-malaysia-2026.jpg 1280x1280 -> 1280x720
[2026-10-05T21:08:39.750Z] normalized: canon-eos-r50-vs-sony-a6100-which-better-malaysia.jpg 1280x853 -> 1280x720
[2026-10-05T21:08:40.077Z] normalized: cara-buat-portfolio-fotografi-malaysia.jpg 1920x1528 -> 1600x900
[2026-10-05T21:08:40.255Z] normalized: cara-jadi-content-creator-tanpa-modal-malaysia.jpg 1280x999 -> 1280x720
[2026-10-05T21:08:40.513Z] normalized: cara-mula-photography-dengan-rm500.jpg 1920x1280 -> 1600x900
[2026-10-05T21:08:40.522Z] note (non-jpg, left as-is): cctv-ai-facial-recognition-sistem-keselamatan-kilang-malaysia.png 1920x1689
[2026-10-05T21:08:40.783Z] normalized: cctv-installer-gig-side-hustle-malaysia.jpg 1920x2003 -> 1600x900
[2026-10-05T21:08:41.144Z] normalized: cctv-keselamatan-pekerja-sistem-ai-kilang-malaysia.jpg 1920x1280 -> 1600x900
[2026-10-05T21:08:41.542Z] normalized: cctv-pantau-ibu-bapa-lansia-malaysia.jpg 1920x2560 -> 1600x900
[2026-10-05T21:08:41.780Z] normalized: content-calendar-malaysia-creators.jpg 1920x1278 -> 1600x900
[2026-10-05T21:08:42.071Z] normalized: content-creator-gear-roi-malaysia-calculator.jpg 1920x1440 -> 1600x900
[2026-10-05T21:08:42.199Z] normalized: dji-mini-3-pro-vs-mini-4-pro-malaysia.jpg 1280x868 -> 1280x720
[2026-10-05T21:08:42.364Z] normalized: dji-vs-instax360-malaysia.jpg 1920x1281 -> 1600x900
[2026-10-05T21:08:42.663Z] normalized: drone-license-registration-malaysia-2026.jpg 1280x960 -> 1280x720
[2026-10-05T21:08:43.256Z] normalized: food-content-creation-gig-malaysia.jpg 1920x1337 -> 1600x900
[2026-10-05T21:08:43.466Z] normalized: full-frame-vs-crop-sensor-malaysia.jpg 1280x842 -> 1280x720
[2026-10-05T21:08:43.818Z] normalized: gig-fotografi-dron-hartanah-malaysia.jpg 1920x1280 -> 1600x900
[2026-10-05T21:08:44.022Z] normalized: gig-fotografi-makanan-malaysia.jpg 1280x960 -> 1280x720
[2026-10-05T21:08:44.422Z] normalized: gig-fotografi-potret-sambilan-malaysia.jpg 1920x2400 -> 1600x900
[2026-10-05T21:08:44.748Z] normalized: gig-fotografi-produk-shopee-lazada-malaysia.jpg 1920x1284 -> 1600x900
[2026-10-05T21:08:45.064Z] normalized: gig-video-perniagaan-kecil-malaysia.jpg 1632x1232 -> 1600x900
[2026-10-05T21:08:45.377Z] normalized: harga-sony-camera-malaysia.jpg 1920x2643 -> 1600x900
[2026-10-05T21:08:45.881Z] normalized: hikvision-8-camera-nvr-factory-malaysia.jpg 1920x1080 -> 1600x900
[2026-10-05T21:08:46.097Z] normalized: insta360-ace-pro-2-review-malaysia.jpg 1920x2567 -> 1600x900
[2026-10-05T21:08:46.436Z] normalized: insta360-luna-vs-dslr-photography-malaysia.jpg 1920x2985 -> 1600x900
[2026-10-05T21:08:46.531Z] normalized: insta360-vs-gopro-which-buy-malaysia-2026.jpg 1280x576 -> 1024x576
[2026-10-05T21:08:46.893Z] normalized: insta360-x4-review-malaysia.jpg 1920x2560 -> 1600x900
[2026-10-05T21:08:46.898Z] note (non-jpg, left as-is): insta360-x5-review-malaysia.webp 1920x2882
[2026-10-05T21:08:47.235Z] normalized: iphone-15-content-creation-malaysia.jpg 1920x2560 -> 1600x900
[2026-10-05T21:08:47.568Z] normalized: iphone-16-pro-content-creation-malaysia.jpg 1920x2560 -> 1600x900
[2026-10-05T21:08:47.933Z] normalized: iphone-17-pro-content-creation-malaysia.jpg 1920x2880 -> 1600x900
[2026-10-05T21:08:48.204Z] normalized: iphone-17-pro-vs-mirrorless-malaysia-2026.jpg 1280x1707 -> 1280x720
[2026-10-05T21:08:48.604Z] normalized: iphone-vs-mirrorless-camera-content-creation-malaysia.jpg 1920x2560 -> 1600x900
[2026-10-05T21:08:48.938Z] normalized: japan-camera-market.jpg 1920x1440 -> 1600x900
[2026-10-05T21:08:49.059Z] normalized: kamera-bawah-rm2000-malaysia.jpg 1280x960 -> 1280x720
[2026-10-05T21:08:49.211Z] normalized: kamera-murah-bawah-rm1000.jpg 1280x853 -> 1280x720
[2026-10-05T21:08:49.434Z] normalized: kamera-untuk-photography-malaysia.jpg 1920x1280 -> 1600x900
[2026-10-05T21:08:49.774Z] normalized: konten-bisnes-kecil-retainer-content-creator-malaysia.jpg 1920x3413 -> 1600x900
[2026-10-05T21:08:49.951Z] normalized: mic-terbaik-tiktok-live-malaysia.jpg 1280x907 -> 1280x720
[2026-10-05T21:08:50.105Z] normalized: mirrorless-vs-dslr-malaysia.jpg 1280x855 -> 1280x720
[2026-10-05T21:08:50.314Z] normalized: nikon-d3100-vs-sony-a6100-which-better-malaysia.jpg 1440x1080 -> 1440x810
[2026-10-05T21:08:50.499Z] normalized: nikon-d500-reality-check-2026.jpg 1280x960 -> 1280x720
[2026-10-05T21:08:50.766Z] normalized: nikon-d7200-review-malaysia.jpg 1920x1500 -> 1600x900
[2026-10-05T21:08:50.993Z] normalized: nikon-z50-ii-review-malaysia.jpg 1920x1789 -> 1600x900
[2026-10-05T21:08:51.214Z] normalized: old-dslr-era-60d-d3100-gig-payoff-malaysia.jpg 1600x1200 -> 1600x900
[2026-10-05T21:08:51.535Z] normalized: osmo-action-6-pro-vs-gopro-hero-14-malaysia.jpg 1920x1707 -> 1600x900
[2026-10-05T21:08:51.722Z] normalized: panasonic-lumix-s9-review-malaysia.jpg 1920x1255 -> 1600x900
[2026-10-05T21:08:52.359Z] normalized: panduan-harga-gig-fotografi-malaysia-2026.jpg 1920x1267 -> 1600x900
[2026-10-05T21:08:52.658Z] normalized: philippines-vlogging-gear.jpg 1920x2550 -> 1600x900
[2026-10-05T21:08:52.776Z] normalized: photography-vs-video-camera-malaysia-beginners.jpg 1280x759 -> 1280x720
[2026-10-05T21:08:52.953Z] normalized: product-photography-ecommerce-gig-malaysia.jpg 1280x856 -> 1280x720
[2026-10-05T21:08:53.459Z] normalized: real-estate-media-gig-malaysia.jpg 1920x1150 -> 1600x900
[2026-10-05T21:08:53.754Z] normalized: samsung-galaxy-s25-ultra-review-malaysia.jpg 1920x2560 -> 1600x900
[2026-10-05T21:08:54.164Z] normalized: second-hand-camera-buying-guide.jpg 1920x1275 -> 1600x900
[2026-10-05T21:08:54.592Z] normalized: second-hand-camera-scams-malaysia.jpg 1920x1440 -> 1600x900
[2026-10-05T21:08:54.765Z] normalized: side-income-umur-40-plus-fotografi-malaysia.jpg 1280x1920 -> 1280x720
[2026-10-05T21:08:54.943Z] normalized: singapore-camera-rental-creator-gear.jpg 960x1459 -> 960x540
[2026-10-05T21:08:55.269Z] normalized: sony-a6000-review-malaysia-second-hand.jpg 1920x1461 -> 1600x900
[2026-10-05T21:08:55.510Z] normalized: sony-a6700-review-malaysia.jpg 1920x1280 -> 1600x900
[2026-10-05T21:08:55.756Z] normalized: sony-a7c-ii-review-malaysia.jpg 1920x1280 -> 1600x900
[2026-10-05T21:08:56.342Z] normalized: sony-zv-e10-review-malaysia-second-hand.jpg 1920x2051 -> 1600x900
[2026-10-05T21:08:56.745Z] normalized: south-korea-creator-gear.jpg 1280x1707 -> 1280x720
[2026-10-05T21:08:57.159Z] normalized: taiwan-camera-market.jpg 1920x1440 -> 1600x900
[2026-10-05T21:08:57.299Z] normalized: tamron-17-50mm-vc-review-malaysia.jpg 1280x1210 -> 1280x720
[2026-10-05T21:08:57.677Z] normalized: tapo-4-camera-wifi-retail-shop-malaysia.jpg 1920x2810 -> 1600x900
[2026-10-05T21:08:57.962Z] normalized: tapo-c210-vs-c220-malaysia.jpg 1920x1961 -> 1600x900
[2026-10-05T21:08:58.341Z] normalized: thailand-camera-gear.jpg 1920x1280 -> 1600x900
[2026-10-05T21:08:58.522Z] normalized: tiktok-reels-shorts-strategy-malaysia-2026.jpg 1920x1080 -> 1600x900
[2026-10-05T21:08:58.815Z] normalized: turning-50-panic-plan-content-side-hustle-malaysia.jpg 1920x1491 -> 1600x900
[2026-10-05T21:08:58.932Z] normalized: turning-50-second-act-gig-guide-malaysia.jpg 1280x853 -> 1280x720
[2026-10-05T21:08:59.108Z] normalized: video-stabilization-ibis-gimbal-tripod-malaysia.jpg 1920x2880 -> 1600x900
[2026-10-05T21:08:59.316Z] normalized: wedding-photography-side-hustle-malaysia.jpg 1920x1280 -> 1600x900
[2026-10-05T21:08:59.492Z] normalized: xiaomi-14-ultra-review-malaysia.jpg 1920x2557 -> 1600x900
[2026-10-05T21:08:59.798Z] normalized: xiaomi-15-ultra-review-malaysia.jpg 1920x3413 -> 1600x900
[2026-10-05T21:08:59.804Z] done: 248 files, re-encoded 86, unchanged 162, all processed
